house,name,installed_capacity,efficiencyWind,with_dr,phase,voltage,angle,frequency,mcast_ip_local,mcast_port_local,mcast_ip_global,mcast_port_global,s0,e0,s1,e1,s2,e2,s3,e3,s4,e4,s5,e5,s6,e6,s7,e7,s8,e8,s9,e9,load_class,load_type,profile,skew,irradiance,irradiance_roof,irradiance_wall1,irradiance_wall2,irradiance_wall3,irradiance_wall4,counter,min_cycletime,min_coolingtime,min_heatingtime,min_chargingtime,min_dischargingtime,charging_counter,discharging_counter,proposed_status,actual_status,proposed_demand,actual_demand
H001,WD001,888.1645582710636,0.8889938154178758,True,AN,230.0,0.0,50.0,236.246.190.68,12340,224.0.2.0,10000,0,24,0,24,0,24,0,24,0,24,0,24,0,24,0,24,0,24,0,24,der,wind,Vestas,0,0,0,0,0,0,0,13.997911986629866,5.383673643288712,16.766540791816425,40.00034257067635,5,5,5,5,1,1,0,0
H002,WD002,504.6074072983571,0.8838974062078226,True,BN,230.0,120.0,50.0,233.240.198.43,10402,224.0.2.0,10000,0,24,0,24,0,24,0,24,0,24,0,24,0,24,0,24,0,24,0,24,der,wind,Vestas,0,0,0,0,0,0,0,8.28712140399591,21.30578915938014,21.242732744214514,14.971220842366925,5,5,5,5,1,1,0,0
H003,WD003,983.1323720502602,0.8750796493154385,True,CN,230.0,-120.0,50.0,224.15.77.40,10041,224.0.2.0,10000,0,24,0,24,0,24,0,24,0,24,0,24,0,24,0,24,0,24,0,24,der,wind,Vestas,0,0,0,0,0,0,0,47.40541917710091,7.04903748251716,58.74070431122706,58.66412030577576,5,5,5,5,1,1,0,0
H004,WD004,454.7144545349788,0.8796199323203816,True,BN,230.0,0.0,50.0,230.138.30.240,12078,224.0.2.0,10000,0,24,0,24,0,24,0,24,0,24,0,24,0,24,0,24,0,24,0,24,der,wind,Vestas,0,0,0,0,0,0,0,55.21661363656235,14.217699040849652,26.78018928751443,16.183270003105534,5,5,5,5,1,1,0,0
H005,WD005,818.0723808585662,0.899651849034084,True,CN,230.0,120.0,50.0,230.23.164.157,10736,224.0.2.0,10000,0,24,0,24,0,24,0,24,0,24,0,24,0,24,0,24,0,24,0,24,der,wind,Vestas,0,0,0,0,0,0,0,41.30119221454741,52.779924221422355,12.520033510886995,31.63400305687977,5,5,5,5,1,1,0,0
H006,WD006,721.8505963610573,0.8930987364622642,True,CN,230.0,-120.0,50.0,231.235.196.254,12854,224.0.2.0,10000,0,24,0,24,0,24,0,24,0,24,0,24,0,24,0,24,0,24,0,24,der,wind,Vestas,0,0,0,0,0,0,0,29.417210943966957,18.489159087459406,8.106391541101102,52.18876601215839,5,5,5,5,1,1,0,0
H007,WD007,604.1984674742952,0.877956964126043,True,AN,230.0,0.0,50.0,232.221.91.102,11374,224.0.2.0,10000,0,24,0,24,0,24,0,24,0,24,0,24,0,24,0,24,0,24,0,24,der,wind,Vestas,0,0,0,0,0,0,0,31.646950355874676,29.84132250246037,59.31193456323885,5.903479895509095,5,5,5,5,1,1,0,0
H008,WD008,477.70931051854996,0.8890805426575152,True,BN,230.0,120.0,50.0,229.133.115.28,11999,224.0.2.0,10000,0,24,0,24,0,24,0,24,0,24,0,24,0,24,0,24,0,24,0,24,der,wind,Vestas,0,0,0,0,0,0,0,23.630714378270422,51.91973455512728,5.688639281450046,15.247112671298984,5,5,5,5,1,1,0,0
H009,WD009,944.5448434403195,0.8918343615131362,True,CN,230.0,-120.0,50.0,226.61.105.212,10169,224.0.2.0,10000,0,24,0,24,0,24,0,24,0,24,0,24,0,24,0,24,0,24,0,24,der,wind,Vestas,0,0,0,0,0,0,0,36.489832518517716,35.99324207417756,7.3036855958941125,13.752937883502362,5,5,5,5,1,1,0,0
H010,WD010,615.6065961851126,0.8921249063751632,True,AN,230.0,0.0,50.0,230.11.51.98,12574,224.0.2.0,10000,0,24,0,24,0,24,0,24,0,24,0,24,0,24,0,24,0,24,0,24,der,wind,Vestas,0,0,0,0,0,0,0,58.30628331059438,20.2370437768515,26.401769031205745,58.56024500265396,5,5,5,5,1,1,0,0
H011,WD011,674.2907947908193,0.8967941869933483,True,BN,230.0,120.0,50.0,237.253.111.56,10026,224.0.2.0,10000,0,24,0,24,0,24,0,24,0,24,0,24,0,24,0,24,0,24,0,24,der,wind,Vestas,0,0,0,0,0,0,0,5.5349693005494816,34.43491079490825,11.357104868789488,40.82900020596159,5,5,5,5,1,1,0,0
H012,WD012,700.7723411515502,0.8978982768043787,True,CN,230.0,-120.0,50.0,235.21.195.214,11097,224.0.2.0,10000,0,24,0,24,0,24,0,24,0,24,0,24,0,24,0,24,0,24,0,24,der,wind,Vestas,0,0,0,0,0,0,0,32.27483786281784,28.632591021798877,16.528948347522487,59.02606791059902,5,5,5,5,1,1,0,0
H013,WD013,483.5595704688949,0.8729760172689932,True,AN,230.0,0.0,50.0,227.145.14.97,10193,224.0.2.0,10000,0,24,0,24,0,24,0,24,0,24,0,24,0,24,0,24,0,24,0,24,der,wind,Vestas,0,0,0,0,0,0,0,15.736602986867762,49.73651232724565,32.00270354522584,22.112185531978188,5,5,5,5,1,1,0,0
H014,WD014,916.1903771801519,0.8898053312904234,True,BN,230.0,120.0,50.0,237.125.230.148,10044,224.0.2.0,10000,0,24,0,24,0,24,0,24,0,24,0,24,0,24,0,24,0,24,0,24,der,wind,Vestas,0,0,0,0,0,0,0,19.070368742120337,13.52461928154923,31.944158017646583,27.700983056725395,5,5,5,5,1,1,0,0
H015,WD015,552.6073790805167,0.8850820300297588,True,CN,230.0,-120.0,50.0,230.95.177.27,11872,224.0.2.0,10000,0,24,0,24,0,24,0,24,0,24,0,24,0,24,0,24,0,24,0,24,der,wind,Vestas,0,0,0,0,0,0,0,36.34022941393625,10.687401128602886,40.1589550069173,28.9729037708361,5,5,5,5,1,1,0,0
H016,WD016,926.2797371168322,0.8963152157044963,True,AN,230.0,0.0,50.0,233.150.17.250,11100,224.0.2.0,10000,0,24,0,24,0,24,0,24,0,24,0,24,0,24,0,24,0,24,0,24,der,wind,Vestas,0,0,0,0,0,0,0,48.69613557599188,42.9110664897013,52.21000161561969,37.10009161161858,5,5,5,5,1,1,0,0
H017,WD017,979.5351747322949,0.8863780341782334,True,BN,230.0,120.0,50.0,229.153.32.18,11705,224.0.2.0,10000,0,24,0,24,0,24,0,24,0,24,0,24,0,24,0,24,0,24,0,24,der,wind,Vestas,0,0,0,0,0,0,0,3.6542571711695304,20.059565052041076,22.71381645135574,58.2641649247647,5,5,5,5,1,1,0,0
H018,WD018,936.1719866453276,0.8961915609849357,True,CN,230.0,-120.0,50.0,236.0.45.144,12761,224.0.2.0,10000,0,24,0,24,0,24,0,24,0,24,0,24,0,24,0,24,0,24,0,24,der,wind,Vestas,0,0,0,0,0,0,0,7.62082484144051,53.6638052708223,30.202120464067356,57.588980848650735,5,5,5,5,1,1,0,0
H019,WD019,679.0046911489349,0.8999530210822786,True,AN,230.0,0.0,50.0,231.71.88.244,12852,224.0.2.0,10000,0,24,0,24,0,24,0,24,0,24,0,24,0,24,0,24,0,24,0,24,der,wind,Vestas,0,0,0,0,0,0,0,32.35435811709812,9.391992033629107,30.393977354060326,20.29096657164834,5,5,5,5,1,1,0,0
H020,WD020,769.7858302615521,0.8902197874982093,True,BN,230.0,120.0,50.0,238.244.233.5,12408,224.0.2.0,10000,0,24,0,24,0,24,0,24,0,24,0,24,0,24,0,24,0,24,0,24,der,wind,Vestas,0,0,0,0,0,0,0,17.230383148826473,59.97422765711001,28.15035695880626,49.20771803366234,5,5,5,5,1,1,0,0
H021,WD021,425.09073200953594,0.8850780767421054,True,CN,230.0,-120.0,50.0,231.66.75.60,10854,224.0.2.0,10000,0,24,0,24,0,24,0,24,0,24,0,24,0,24,0,24,0,24,0,24,der,wind,Vestas,0,0,0,0,0,0,0,35.39146888513122,47.05737814035925,19.01878439936473,34.26940553828045,5,5,5,5,1,1,0,0
H022,WD022,710.6652305448401,0.8996492813564844,True,AN,230.0,0.0,50.0,231.123.104.11,12400,224.0.2.0,10000,0,24,0,24,0,24,0,24,0,24,0,24,0,24,0,24,0,24,0,24,der,wind,Vestas,0,0,0,0,0,0,0,15.143381319916859,44.12094508923234,29.997877832051888,48.560932125297455,5,5,5,5,1,1,0,0
H023,WD023,615.6734819210781,0.8808904263315829,True,BN,230.0,120.0,50.0,233.216.172.252,11067,224.0.2.0,10000,0,24,0,24,0,24,0,24,0,24,0,24,0,24,0,24,0,24,0,24,der,wind,Vestas,0,0,0,0,0,0,0,29.997297878018305,40.37444642314963,4.640126669862061,17.386120613984236,5,5,5,5,1,1,0,0
H024,WD024,898.6212575897771,0.885069959352657,True,CN,230.0,-120.0,50.0,228.141.75.149,10364,224.0.2.0,10000,0,24,0,24,0,24,0,24,0,24,0,24,0,24,0,24,0,24,0,24,der,wind,Vestas,0,0,0,0,0,0,0,53.56433278197295,53.385356583795016,46.22541298428549,13.371153858096392,5,5,5,5,1,1,0,0
H025,WD025,961.9543807240591,0.8843968505834378,True,AN,230.0,0.0,50.0,232.101.148.203,12835,224.0.2.0,10000,0,24,0,24,0,24,0,24,0,24,0,24,0,24,0,24,0,24,0,24,der,wind,Vestas,0,0,0,0,0,0,0,47.94227848825364,15.324819338470462,5.778273687054582,40.39987876947535,5,5,5,5,1,1,0,0
H026,WD026,617.6349056902073,0.877739158423097,True,BN,230.0,120.0,50.0,230.170.135.191,11903,224.0.2.0,10000,0,24,0,24,0,24,0,24,0,24,0,24,0,24,0,24,0,24,0,24,der,wind,Vestas,0,0,0,0,0,0,0,0.9538625572992676,38.884707350659184,11.830788904921459,51.090827159156945,5,5,5,5,1,1,0,0
H027,WD027,913.6285825971629,0.8559751294573339,True,CN,230.0,-120.0,50.0,226.99.184.160,11988,224.0.2.0,10000,0,24,0,24,0,24,0,24,0,24,0,24,0,24,0,24,0,24,0,24,der,wind,Vestas,0,0,0,0,0,0,0,24.3844884121517,16.580631331290746,34.09311163596004,50.26795782506119,5,5,5,5,1,1,0,0
H028,WD028,597.1756580362146,0.8879598504218293,True,AN,230.0,0.0,50.0,228.193.209.154,10061,224.0.2.0,10000,0,24,0,24,0,24,0,24,0,24,0,24,0,24,0,24,0,24,0,24,der,wind,Vestas,0,0,0,0,0,0,0,40.086711188819606,10.733521636633633,7.030854488365713,47.637240528095305,5,5,5,5,1,1,0,0
H029,WD029,599.6573860494082,0.8943378555299026,True,BN,230.0,120.0,50.0,229.226.212.35,10660,224.0.2.0,10000,0,24,0,24,0,24,0,24,0,24,0,24,0,24,0,24,0,24,0,24,der,wind,Vestas,0,0,0,0,0,0,0,29.933260662476386,15.635234300648666,7.853947451908174,59.80406257277451,5,5,5,5,1,1,0,0
H030,WD030,946.9523417903804,0.8985553736190877,True,CN,230.0,-120.0,50.0,234.133.67.227,12729,224.0.2.0,10000,0,24,0,24,0,24,0,24,0,24,0,24,0,24,0,24,0,24,0,24,der,wind,Vestas,0,0,0,0,0,0,0,16.557731622822846,40.75027372977671,31.229819656811422,30.65046824026896,5,5,5,5,1,1,0,0
H031,WD031,631.5432357920195,0.888063758317644,True,AN,230.0,0.0,50.0,236.82.245.134,11409,224.0.2.0,10000,0,24,0,24,0,24,0,24,0,24,0,24,0,24,0,24,0,24,0,24,der,wind,Vestas,0,0,0,0,0,0,0,9.032585561260777,6.692902024251646,11.211694162911915,5.656941292300939,5,5,5,5,1,1,0,0
H032,WD032,749.3484999644969,0.8993947621599933,True,BN,230.0,120.0,50.0,235.215.222.186,12975,224.0.2.0,10000,0,24,0,24,0,24,0,24,0,24,0,24,0,24,0,24,0,24,0,24,der,wind,Vestas,0,0,0,0,0,0,0,33.712365128573104,5.5380474253839145,53.42245133965437,19.729627317678393,5,5,5,5,1,1,0,0
H033,WD033,904.9548671792513,0.8806103860213914,True,CN,230.0,-120.0,50.0,233.224.232.164,11127,224.0.2.0,10000,0,24,0,24,0,24,0,24,0,24,0,24,0,24,0,24,0,24,0,24,der,wind,Vestas,0,0,0,0,0,0,0,17.480037301127787,29.335502122015097,37.089611875665156,33.285823555872376,5,5,5,5,1,1,0,0
H034,WD034,413.4886796845209,0.874132913458913,True,AN,230.0,0.0,50.0,236.29.168.153,10311,224.0.2.0,10000,0,24,0,24,0,24,0,24,0,24,0,24,0,24,0,24,0,24,0,24,der,wind,Vestas,0,0,0,0,0,0,0,15.001486223661294,27.30747508233669,48.23982733950002,13.590239226423613,5,5,5,5,1,1,0,0
H035,WD035,478.774315990659,0.8812192744382844,True,BN,230.0,120.0,50.0,224.196.226.16,10912,224.0.2.0,10000,0,24,0,24,0,24,0,24,0,24,0,24,0,24,0,24,0,24,0,24,der,wind,Vestas,0,0,0,0,0,0,0,40.61438393177777,32.47754431554051,48.89097620671802,50.10020170636366,5,5,5,5,1,1,0,0
H036,WD036,585.2513887314084,0.879392848964142,True,CN,230.0,-120.0,50.0,226.225.213.45,10785,224.0.2.0,10000,0,24,0,24,0,24,0,24,0,24,0,24,0,24,0,24,0,24,0,24,der,wind,Vestas,0,0,0,0,0,0,0,1.7832961104696876,18.83374018325015,15.015635087598712,42.9780579470441,5,5,5,5,1,1,0,0
H037,WD037,412.4681982234287,0.8870963425366167,True,AN,230.0,0.0,50.0,227.47.144.32,10290,224.0.2.0,10000,0,24,0,24,0,24,0,24,0,24,0,24,0,24,0,24,0,24,0,24,der,wind,Vestas,0,0,0,0,0,0,0,10.585273695133196,53.983738307057735,13.129567831042516,26.453129086810897,5,5,5,5,1,1,0,0
H038,WD038,946.2901241782554,0.889560935959596,True,BN,230.0,120.0,50.0,224.169.194.200,11611,224.0.2.0,10000,0,24,0,24,0,24,0,24,0,24,0,24,0,24,0,24,0,24,0,24,der,wind,Vestas,0,0,0,0,0,0,0,27.03672445237161,37.20782091591789,37.64234242106852,9.272963283212064,5,5,5,5,1,1,0,0
H039,WD039,552.6439628849805,0.8908971783206332,True,CN,230.0,-120.0,50.0,232.47.226.218,11380,224.0.2.0,10000,0,24,0,24,0,24,0,24,0,24,0,24,0,24,0,24,0,24,0,24,der,wind,Vestas,0,0,0,0,0,0,0,37.00847577810479,56.097792293805476,33.748728001635286,50.722767051692514,5,5,5,5,1,1,0,0
H040,WD040,726.0916240842187,0.8889389480577534,True,AN,230.0,0.0,50.0,231.56.136.118,12367,224.0.2.0,10000,0,24,0,24,0,24,0,24,0,24,0,24,0,24,0,24,0,24,0,24,der,wind,Vestas,0,0,0,0,0,0,0,32.3432898210879,32.758948936700605,19.405608399394044,35.35858938678373,5,5,5,5,1,1,0,0
H041,WD041,852.0008038701322,0.8908635811864567,True,BN,230.0,120.0,50.0,230.223.137.66,10125,224.0.2.0,10000,0,24,0,24,0,24,0,24,0,24,0,24,0,24,0,24,0,24,0,24,der,wind,Vestas,0,0,0,0,0,0,0,41.09220298411179,50.53692503246341,34.48384457121037,26.109267735420158,5,5,5,5,1,1,0,0
H042,WD042,661.5674699776864,0.8721403825758751,True,CN,230.0,-120.0,50.0,235.46.27.4,11765,224.0.2.0,10000,0,24,0,24,0,24,0,24,0,24,0,24,0,24,0,24,0,24,0,24,der,wind,Vestas,0,0,0,0,0,0,0,5.068155916508246,18.128824479787752,34.61435544154083,20.385849803320482,5,5,5,5,1,1,0,0
H043,WD043,722.2161224808176,0.8936089467000924,True,AN,230.0,0.0,50.0,235.167.180.104,11526,224.0.2.0,10000,0,24,0,24,0,24,0,24,0,24,0,24,0,24,0,24,0,24,0,24,der,wind,Vestas,0,0,0,0,0,0,0,31.60975808986629,21.905652306229683,16.730638770091453,16.754250181251578,5,5,5,5,1,1,0,0
H044,WD044,700.7346335608427,0.8573722959324757,True,BN,230.0,120.0,50.0,232.117.59.134,12771,224.0.2.0,10000,0,24,0,24,0,24,0,24,0,24,0,24,0,24,0,24,0,24,0,24,der,wind,Vestas,0,0,0,0,0,0,0,47.53112894392069,54.537458405071334,57.36716094657462,59.858447103803314,5,5,5,5,1,1,0,0
H045,WD045,854.3040364084633,0.8941451727338076,True,CN,230.0,-120.0,50.0,238.61.73.212,12939,224.0.2.0,10000,0,24,0,24,0,24,0,24,0,24,0,24,0,24,0,24,0,24,0,24,der,wind,Vestas,0,0,0,0,0,0,0,4.832484936986741,51.10209132148186,29.89243091742253,11.707911592628673,5,5,5,5,1,1,0,0
H046,WD046,523.258301828868,0.8804941088882431,True,AN,230.0,0.0,50.0,237.52.148.107,10580,224.0.2.0,10000,0,24,0,24,0,24,0,24,0,24,0,24,0,24,0,24,0,24,0,24,der,wind,Vestas,0,0,0,0,0,0,0,32.21699436797012,18.61292793530597,3.1579662305878777,47.73595828741316,5,5,5,5,1,1,0,0
H047,WD047,509.2963720533234,0.8657085568113967,True,BN,230.0,120.0,50.0,224.101.75.72,12662,224.0.2.0,10000,0,24,0,24,0,24,0,24,0,24,0,24,0,24,0,24,0,24,0,24,der,wind,Vestas,0,0,0,0,0,0,0,6.404123324894664,26.873512188064872,32.44653430515065,32.57348473760972,5,5,5,5,1,1,0,0
H048,WD048,960.1114918669791,0.8968158291936448,True,CN,230.0,-120.0,50.0,231.41.113.246,11495,224.0.2.0,10000,0,24,0,24,0,24,0,24,0,24,0,24,0,24,0,24,0,24,0,24,der,wind,Vestas,0,0,0,0,0,0,0,38.69642839125904,20.210484332382197,21.509053175451996,13.741302132963508,5,5,5,5,1,1,0,0
H049,WD049,950.9446785000641,0.8979597698702583,True,AN,230.0,0.0,50.0,236.200.16.191,10057,224.0.2.0,10000,0,24,0,24,0,24,0,24,0,24,0,24,0,24,0,24,0,24,0,24,der,wind,Vestas,0,0,0,0,0,0,0,17.445938940008286,43.63991921543613,53.529315453490646,50.018556116553235,5,5,5,5,1,1,0,0
H050,WD050,947.3095049417267,0.8861842537378762,True,BN,230.0,120.0,50.0,230.211.36.11,12322,224.0.2.0,10000,0,24,0,24,0,24,0,24,0,24,0,24,0,24,0,24,0,24,0,24,der,wind,Vestas,0,0,0,0,0,0,0,2.3258823332813217,55.72257434857225,12.707782232836882,15.269773094588457,5,5,5,5,1,1,0,0
H051,WD051,872.2805256771702,0.8927404219411591,True,CN,230.0,-120.0,50.0,232.208.199.167,12829,224.0.2.0,10000,0,24,0,24,0,24,0,24,0,24,0,24,0,24,0,24,0,24,0,24,der,wind,Vestas,0,0,0,0,0,0,0,22.718140552887625,22.94605684055591,59.339670900770784,12.883079128300109,5,5,5,5,1,1,0,0
H052,WD052,411.48399858468497,0.8760829942169994,True,AN,230.0,0.0,50.0,233.249.119.148,12649,224.0.2.0,10000,0,24,0,24,0,24,0,24,0,24,0,24,0,24,0,24,0,24,0,24,der,wind,Vestas,0,0,0,0,0,0,0,3.7425051874849524,48.898547183331054,35.672099796499225,27.331461915207203,5,5,5,5,1,1,0,0
H053,WD053,547.1529776203718,0.8992204392317739,True,BN,230.0,120.0,50.0,237.226.136.250,11828,224.0.2.0,10000,0,24,0,24,0,24,0,24,0,24,0,24,0,24,0,24,0,24,0,24,der,wind,Vestas,0,0,0,0,0,0,0,17.729758547107814,41.79591239628476,13.43466312000143,36.3476044570745,5,5,5,5,1,1,0,0
H054,WD054,798.4570026111588,0.8699479015073567,True,CN,230.0,-120.0,50.0,230.73.222.114,11511,224.0.2.0,10000,0,24,0,24,0,24,0,24,0,24,0,24,0,24,0,24,0,24,0,24,der,wind,Vestas,0,0,0,0,0,0,0,40.58206988931848,27.462794016910518,58.962556768147955,22.257468654529017,5,5,5,5,1,1,0,0
H055,WD055,742.616309841238,0.8957437519767318,True,AN,230.0,0.0,50.0,236.100.134.147,12957,224.0.2.0,10000,0,24,0,24,0,24,0,24,0,24,0,24,0,24,0,24,0,24,0,24,der,wind,Vestas,0,0,0,0,0,0,0,41.59946373801834,35.95036852434223,17.10254955165051,9.67699481874649,5,5,5,5,1,1,0,0
H056,WD056,540.8064158877341,0.8805949839557711,True,BN,230.0,120.0,50.0,232.102.238.85,10704,224.0.2.0,10000,0,24,0,24,0,24,0,24,0,24,0,24,0,24,0,24,0,24,0,24,der,wind,Vestas,0,0,0,0,0,0,0,30.154055802148413,54.85234588305149,44.93074197057415,32.89230561594542,5,5,5,5,1,1,0,0
H057,WD057,685.396971611768,0.8944103186463529,True,CN,230.0,-120.0,50.0,228.94.246.4,12647,224.0.2.0,10000,0,24,0,24,0,24,0,24,0,24,0,24,0,24,0,24,0,24,0,24,der,wind,Vestas,0,0,0,0,0,0,0,2.285591659485593,34.100627349461156,18.40316618817656,47.43368409460016,5,5,5,5,1,1,0,0
H058,WD058,608.744979493842,0.8964876576307411,True,AN,230.0,0.0,50.0,237.45.177.23,12257,224.0.2.0,10000,0,24,0,24,0,24,0,24,0,24,0,24,0,24,0,24,0,24,0,24,der,wind,Vestas,0,0,0,0,0,0,0,54.714735137267674,38.86430321152407,20.4057185961361,34.17509110656046,5,5,5,5,1,1,0,0
H059,WD059,754.291819583637,0.8884409671111946,True,BN,230.0,120.0,50.0,237.154.86.5,10067,224.0.2.0,10000,0,24,0,24,0,24,0,24,0,24,0,24,0,24,0,24,0,24,0,24,der,wind,Vestas,0,0,0,0,0,0,0,10.408236668830167,23.830667648671053,33.947975226758345,5.569122635425101,5,5,5,5,1,1,0,0
H060,WD060,630.877411568137,0.8745409713576355,True,CN,230.0,-120.0,50.0,233.14.17.146,11283,224.0.2.0,10000,0,24,0,24,0,24,0,24,0,24,0,24,0,24,0,24,0,24,0,24,der,wind,Vestas,0,0,0,0,0,0,0,36.819517902470565,4.681595441844118,53.16916309190566,57.02872926575653,5,5,5,5,1,1,0,0
H061,WD061,407.59092281193637,0.8508998948541431,True,AN,230.0,0.0,50.0,236.73.148.248,10575,224.0.2.0,10000,0,24,0,24,0,24,0,24,0,24,0,24,0,24,0,24,0,24,0,24,der,wind,Vestas,0,0,0,0,0,0,0,0.6275645568837529,25.21821455468036,53.12288214618963,52.46435884911977,5,5,5,5,1,1,0,0
H062,WD062,909.918249392681,0.8783243108232263,True,BN,230.0,120.0,50.0,229.214.169.12,11102,224.0.2.0,10000,0,24,0,24,0,24,0,24,0,24,0,24,0,24,0,24,0,24,0,24,der,wind,Vestas,0,0,0,0,0,0,0,9.952608140932089,47.321023766854715,59.057824748853335,43.4982637562266,5,5,5,5,1,1,0,0
H063,WD063,429.30166356592287,0.8699773572845191,True,CN,230.0,-120.0,50.0,229.198.78.206,12085,224.0.2.0,10000,0,24,0,24,0,24,0,24,0,24,0,24,0,24,0,24,0,24,0,24,der,wind,Vestas,0,0,0,0,0,0,0,11.737605331902524,45.8652687177955,23.26601000349362,26.815128935777178,5,5,5,5,1,1,0,0
H064,WD064,895.1137084509846,0.8949076386561884,True,AN,230.0,0.0,50.0,227.87.118.91,11516,224.0.2.0,10000,0,24,0,24,0,24,0,24,0,24,0,24,0,24,0,24,0,24,0,24,der,wind,Vestas,0,0,0,0,0,0,0,29.321438586577976,15.224077076803827,47.37904178404928,14.368159598987235,5,5,5,5,1,1,0,0
H065,WD065,615.5178114352793,0.8808220439014935,True,BN,230.0,120.0,50.0,226.106.126.126,11971,224.0.2.0,10000,0,24,0,24,0,24,0,24,0,24,0,24,0,24,0,24,0,24,0,24,der,wind,Vestas,0,0,0,0,0,0,0,9.132110956571891,28.215504725455876,33.48865903717865,46.29657940116324,5,5,5,5,1,1,0,0
H066,WD066,770.3365411755439,0.8913310377191836,True,CN,230.0,-120.0,50.0,229.251.26.107,10138,224.0.2.0,10000,0,24,0,24,0,24,0,24,0,24,0,24,0,24,0,24,0,24,0,24,der,wind,Vestas,0,0,0,0,0,0,0,4.678325810998459,15.118122747098075,48.74126797206998,44.330406437643454,5,5,5,5,1,1,0,0
H067,WD067,741.8802438448648,0.8824492491132997,True,AN,230.0,0.0,50.0,233.77.242.204,11293,224.0.2.0,10000,0,24,0,24,0,24,0,24,0,24,0,24,0,24,0,24,0,24,0,24,der,wind,Vestas,0,0,0,0,0,0,0,25.133946800601784,12.458790862855283,55.10339055508887,14.80563526286187,5,5,5,5,1,1,0,0
H068,WD068,935.3070853686663,0.8782505975126456,True,BN,230.0,120.0,50.0,238.183.160.29,12268,224.0.2.0,10000,0,24,0,24,0,24,0,24,0,24,0,24,0,24,0,24,0,24,0,24,der,wind,Vestas,0,0,0,0,0,0,0,53.30992940659023,6.543901946522352,36.3038670678574,12.180214074362393,5,5,5,5,1,1,0,0
H069,WD069,517.7639098181932,0.8747734093254839,True,CN,230.0,-120.0,50.0,226.183.239.154,12163,224.0.2.0,10000,0,24,0,24,0,24,0,24,0,24,0,24,0,24,0,24,0,24,0,24,der,wind,Vestas,0,0,0,0,0,0,0,54.45529523961942,37.74549728238055,25.43259569850301,29.336201127297418,5,5,5,5,1,1,0,0
H070,WD070,507.2051856021516,0.8849624017951564,True,AN,230.0,0.0,50.0,231.95.56.81,12851,224.0.2.0,10000,0,24,0,24,0,24,0,24,0,24,0,24,0,24,0,24,0,24,0,24,der,wind,Vestas,0,0,0,0,0,0,0,14.75891566437493,49.18297957278147,26.180121824589566,10.434060148275249,5,5,5,5,1,1,0,0
H071,WD071,690.6032630751553,0.8949924363944304,True,BN,230.0,120.0,50.0,229.15.103.32,11977,224.0.2.0,10000,0,24,0,24,0,24,0,24,0,24,0,24,0,24,0,24,0,24,0,24,der,wind,Vestas,0,0,0,0,0,0,0,19.560030795767002,10.901212961556862,48.14462873897929,3.1905032404192104,5,5,5,5,1,1,0,0
H072,WD072,531.2903793188361,0.898625983399749,True,CN,230.0,-120.0,50.0,233.235.38.169,12463,224.0.2.0,10000,0,24,0,24,0,24,0,24,0,24,0,24,0,24,0,24,0,24,0,24,der,wind,Vestas,0,0,0,0,0,0,0,38.04545605096469,6.0422945231744265,5.313780437664312,7.4584535034616355,5,5,5,5,1,1,0,0
H073,WD073,684.1556809081918,0.8915064461704271,True,AN,230.0,0.0,50.0,227.1.125.188,10627,224.0.2.0,10000,0,24,0,24,0,24,0,24,0,24,0,24,0,24,0,24,0,24,0,24,der,wind,Vestas,0,0,0,0,0,0,0,14.815572143720456,19.27447578703755,43.09712022996974,13.263319208334183,5,5,5,5,1,1,0,0
H074,WD074,703.57675097288,0.8992495693708646,True,BN,230.0,120.0,50.0,233.179.64.129,10085,224.0.2.0,10000,0,24,0,24,0,24,0,24,0,24,0,24,0,24,0,24,0,24,0,24,der,wind,Vestas,0,0,0,0,0,0,0,34.17352120493268,42.67160881743602,40.51393206463329,34.2516042905017,5,5,5,5,1,1,0,0
H075,WD075,670.489375003157,0.8959394996646568,True,CN,230.0,-120.0,50.0,238.237.51.32,12894,224.0.2.0,10000,0,24,0,24,0,24,0,24,0,24,0,24,0,24,0,24,0,24,0,24,der,wind,Vestas,0,0,0,0,0,0,0,40.557575010932865,22.97809894933978,41.229468112595285,7.9373285307405155,5,5,5,5,1,1,0,0
H076,WD076,619.3761485589359,0.872638592915142,True,AN,230.0,0.0,50.0,235.253.47.66,11713,224.0.2.0,10000,0,24,0,24,0,24,0,24,0,24,0,24,0,24,0,24,0,24,0,24,der,wind,Vestas,0,0,0,0,0,0,0,7.08258232366269,48.1166226792441,4.887237467723212,18.04012510534431,5,5,5,5,1,1,0,0
H077,WD077,787.6567493022094,0.8982807672783675,True,BN,230.0,120.0,50.0,231.186.31.175,10857,224.0.2.0,10000,0,24,0,24,0,24,0,24,0,24,0,24,0,24,0,24,0,24,0,24,der,wind,Vestas,0,0,0,0,0,0,0,42.766304493601474,58.61059460437338,10.67316828855516,44.67203455149315,5,5,5,5,1,1,0,0
H078,WD078,989.7524487147078,0.8727255535264236,True,CN,230.0,-120.0,50.0,238.175.250.187,12886,224.0.2.0,10000,0,24,0,24,0,24,0,24,0,24,0,24,0,24,0,24,0,24,0,24,der,wind,Vestas,0,0,0,0,0,0,0,38.570785068345785,41.865324923559186,35.03650537141884,52.44633504387555,5,5,5,5,1,1,0,0
H079,WD079,587.538839862563,0.8588725401248933,True,AN,230.0,0.0,50.0,237.188.23.149,11252,224.0.2.0,10000,0,24,0,24,0,24,0,24,0,24,0,24,0,24,0,24,0,24,0,24,der,wind,Vestas,0,0,0,0,0,0,0,52.06284760286008,16.315254376050753,37.92836599649509,41.70192323277656,5,5,5,5,1,1,0,0
H080,WD080,963.4528852042891,0.8715930846891671,True,BN,230.0,120.0,50.0,233.182.203.190,10552,224.0.2.0,10000,0,24,0,24,0,24,0,24,0,24,0,24,0,24,0,24,0,24,0,24,der,wind,Vestas,0,0,0,0,0,0,0,42.30821295844466,43.81418115793341,40.017429939730015,16.06071319984445,5,5,5,5,1,1,0,0
H081,WD081,860.4760669036251,0.8947811409545918,True,CN,230.0,-120.0,50.0,225.82.29.71,11668,224.0.2.0,10000,0,24,0,24,0,24,0,24,0,24,0,24,0,24,0,24,0,24,0,24,der,wind,Vestas,0,0,0,0,0,0,0,22.893452271412173,21.508715480282316,40.14761803821706,38.3902049798505,5,5,5,5,1,1,0,0
H082,WD082,900.9932341552819,0.8653891509361574,True,AN,230.0,0.0,50.0,225.241.71.46,12054,224.0.2.0,10000,0,24,0,24,0,24,0,24,0,24,0,24,0,24,0,24,0,24,0,24,der,wind,Vestas,0,0,0,0,0,0,0,43.4218587676697,56.76898199272027,31.96051696962199,6.002385945253334,5,5,5,5,1,1,0,0
H083,WD083,869.1027139007017,0.8847996715348857,True,BN,230.0,120.0,50.0,225.46.135.59,10762,224.0.2.0,10000,0,24,0,24,0,24,0,24,0,24,0,24,0,24,0,24,0,24,0,24,der,wind,Vestas,0,0,0,0,0,0,0,58.34327737645774,18.526412389744884,47.88733867530634,41.12014495474452,5,5,5,5,1,1,0,0
H084,WD084,906.1203950537147,0.8912747562158079,True,CN,230.0,-120.0,50.0,238.47.166.253,10975,224.0.2.0,10000,0,24,0,24,0,24,0,24,0,24,0,24,0,24,0,24,0,24,0,24,der,wind,Vestas,0,0,0,0,0,0,0,31.372865988114988,8.317198452032855,15.922918049666995,29.206248413272945,5,5,5,5,1,1,0,0
H085,WD085,500.9979102684125,0.8739707338718978,True,AN,230.0,0.0,50.0,225.24.170.18,10052,224.0.2.0,10000,0,24,0,24,0,24,0,24,0,24,0,24,0,24,0,24,0,24,0,24,der,wind,Vestas,0,0,0,0,0,0,0,15.326272904929771,49.748007171234185,44.510919295206286,56.77254702353893,5,5,5,5,1,1,0,0
H086,WD086,957.3115229537001,0.897094252813413,True,BN,230.0,120.0,50.0,232.166.47.247,11025,224.0.2.0,10000,0,24,0,24,0,24,0,24,0,24,0,24,0,24,0,24,0,24,0,24,der,wind,Vestas,0,0,0,0,0,0,0,54.35661366410119,49.48584062348598,58.67029214797831,28.676547016178237,5,5,5,5,1,1,0,0
H087,WD087,988.5865853420073,0.8892370790939024,True,CN,230.0,-120.0,50.0,236.244.8.182,11083,224.0.2.0,10000,0,24,0,24,0,24,0,24,0,24,0,24,0,24,0,24,0,24,0,24,der,wind,Vestas,0,0,0,0,0,0,0,47.17418445013384,37.79807594479492,15.263047251742153,26.409750846207146,5,5,5,5,1,1,0,0
H088,WD088,724.1587319380124,0.8980506668620929,True,AN,230.0,0.0,50.0,238.61.178.55,11841,224.0.2.0,10000,0,24,0,24,0,24,0,24,0,24,0,24,0,24,0,24,0,24,0,24,der,wind,Vestas,0,0,0,0,0,0,0,12.023547590465952,25.88598420831586,48.38938703994734,23.745035675756274,5,5,5,5,1,1,0,0
H089,WD089,953.8390894801685,0.8919941690088823,True,BN,230.0,120.0,50.0,236.137.89.146,11795,224.0.2.0,10000,0,24,0,24,0,24,0,24,0,24,0,24,0,24,0,24,0,24,0,24,der,wind,Vestas,0,0,0,0,0,0,0,34.562072928101486,46.85030916645263,39.005224454987065,38.086193990053225,5,5,5,5,1,1,0,0
H090,WD090,923.3558817353307,0.8983493533454789,True,CN,230.0,-120.0,50.0,231.129.119.184,12777,224.0.2.0,10000,0,24,0,24,0,24,0,24,0,24,0,24,0,24,0,24,0,24,0,24,der,wind,Vestas,0,0,0,0,0,0,0,12.62521738536142,52.20008378907982,39.273759695931524,47.86790474518678,5,5,5,5,1,1,0,0
H091,WD091,975.6199882028149,0.8855638926881753,True,AN,230.0,0.0,50.0,225.116.120.184,11327,224.0.2.0,10000,0,24,0,24,0,24,0,24,0,24,0,24,0,24,0,24,0,24,0,24,der,wind,Vestas,0,0,0,0,0,0,0,28.977411664700714,41.806284144576,22.24522419550798,42.99852595689898,5,5,5,5,1,1,0,0
H092,WD092,980.9172169674123,0.8898317434398356,True,BN,230.0,120.0,50.0,233.20.119.71,12564,224.0.2.0,10000,0,24,0,24,0,24,0,24,0,24,0,24,0,24,0,24,0,24,0,24,der,wind,Vestas,0,0,0,0,0,0,0,37.01613838263152,9.849393942266492,18.915815122261808,41.64515831936834,5,5,5,5,1,1,0,0
H093,WD093,495.59134313553847,0.8896495062629234,True,CN,230.0,-120.0,50.0,230.244.64.138,12989,224.0.2.0,10000,0,24,0,24,0,24,0,24,0,24,0,24,0,24,0,24,0,24,0,24,der,wind,Vestas,0,0,0,0,0,0,0,48.21221405726864,4.813501939531198,16.639591151245554,32.81206090133985,5,5,5,5,1,1,0,0
H094,WD094,932.0455471352332,0.8835565351830919,True,AN,230.0,0.0,50.0,232.228.91.163,11405,224.0.2.0,10000,0,24,0,24,0,24,0,24,0,24,0,24,0,24,0,24,0,24,0,24,der,wind,Vestas,0,0,0,0,0,0,0,13.126888106195917,6.494517696488058,23.567044780505547,38.22855149315372,5,5,5,5,1,1,0,0
H095,WD095,960.9487933970429,0.8996253902501068,True,BN,230.0,120.0,50.0,225.68.243.103,11948,224.0.2.0,10000,0,24,0,24,0,24,0,24,0,24,0,24,0,24,0,24,0,24,0,24,der,wind,Vestas,0,0,0,0,0,0,0,47.266693538754474,33.53812603210879,28.44759186110289,22.578558322544225,5,5,5,5,1,1,0,0
H096,WD096,452.9163323587654,0.8862222874427146,True,CN,230.0,-120.0,50.0,227.43.190.220,11681,224.0.2.0,10000,0,24,0,24,0,24,0,24,0,24,0,24,0,24,0,24,0,24,0,24,der,wind,Vestas,0,0,0,0,0,0,0,14.864479566042359,34.02000661701557,20.05930539118737,29.865519895501382,5,5,5,5,1,1,0,0
H097,WD097,828.7028623084506,0.893356817764128,True,AN,230.0,0.0,50.0,225.126.210.193,12445,224.0.2.0,10000,0,24,0,24,0,24,0,24,0,24,0,24,0,24,0,24,0,24,0,24,der,wind,Vestas,0,0,0,0,0,0,0,33.24785069279776,43.294981685607304,51.644992641601895,17.132279834178675,5,5,5,5,1,1,0,0
H098,WD098,771.0909539786903,0.8532937740995064,True,BN,230.0,120.0,50.0,227.203.164.169,11062,224.0.2.0,10000,0,24,0,24,0,24,0,24,0,24,0,24,0,24,0,24,0,24,0,24,der,wind,Vestas,0,0,0,0,0,0,0,7.260945921723043,17.913549602197477,20.286600792708242,24.66958175262061,5,5,5,5,1,1,0,0
H099,WD099,884.7191452578113,0.8882707466783597,True,CN,230.0,-120.0,50.0,224.183.222.240,11700,224.0.2.0,10000,0,24,0,24,0,24,0,24,0,24,0,24,0,24,0,24,0,24,0,24,der,wind,Vestas,0,0,0,0,0,0,0,19.787008597361215,22.52237605962617,32.418435235906294,28.329764015537197,5,5,5,5,1,1,0,0
H100,WD100,880.2208222328898,0.8833902588527932,True,AN,230.0,0.0,50.0,233.61.116.122,10433,224.0.2.0,10000,0,24,0,24,0,24,0,24,0,24,0,24,0,24,0,24,0,24,0,24,der,wind,Vestas,0,0,0,0,0,0,0,25.973530217364903,57.59004678144254,3.5799545516831452,48.24217097466368,5,5,5,5,1,1,0,0
H101,WD101,413.59703979995055,0.8854126903297492,True,BN,230.0,120.0,50.0,235.209.119.17,11042,224.0.2.0,10000,0,24,0,24,0,24,0,24,0,24,0,24,0,24,0,24,0,24,0,24,der,wind,Vestas,0,0,0,0,0,0,0,29.32997795897349,47.66378476676355,44.32243503376828,26.72671915651243,5,5,5,5,1,1,0,0
H102,WD102,750.3347938084625,0.8966339683564595,True,CN,230.0,-120.0,50.0,233.99.44.220,12883,224.0.2.0,10000,0,24,0,24,0,24,0,24,0,24,0,24,0,24,0,24,0,24,0,24,der,wind,Vestas,0,0,0,0,0,0,0,7.769362370418382,43.344691736823926,41.09319695990646,27.40530261757824,5,5,5,5,1,1,0,0
H103,WD103,744.893385412509,0.871649341191701,True,AN,230.0,0.0,50.0,237.86.232.198,10862,224.0.2.0,10000,0,24,0,24,0,24,0,24,0,24,0,24,0,24,0,24,0,24,0,24,der,wind,Vestas,0,0,0,0,0,0,0,58.55734438309207,16.053424953351936,16.04195297084129,6.347426370331028,5,5,5,5,1,1,0,0
H104,WD104,773.2899514448097,0.8559862140749598,True,BN,230.0,120.0,50.0,231.157.97.152,12948,224.0.2.0,10000,0,24,0,24,0,24,0,24,0,24,0,24,0,24,0,24,0,24,0,24,der,wind,Vestas,0,0,0,0,0,0,0,51.86208586536813,46.07408894419067,49.28584778782661,19.337790221216885,5,5,5,5,1,1,0,0
H105,WD105,641.9344485601255,0.8662492101655848,True,CN,230.0,-120.0,50.0,237.2.192.152,10841,224.0.2.0,10000,0,24,0,24,0,24,0,24,0,24,0,24,0,24,0,24,0,24,0,24,der,wind,Vestas,0,0,0,0,0,0,0,46.302512831548604,45.24994570386222,29.864111576419955,35.46208082018134,5,5,5,5,1,1,0,0
H106,WD106,714.213235094363,0.8896038937501033,True,AN,230.0,0.0,50.0,231.153.99.55,11012,224.0.2.0,10000,0,24,0,24,0,24,0,24,0,24,0,24,0,24,0,24,0,24,0,24,der,wind,Vestas,0,0,0,0,0,0,0,41.05752513873723,46.04808941189807,45.333198896932295,46.99394068371871,5,5,5,5,1,1,0,0
H107,WD107,781.9611832955035,0.8608187563349737,True,BN,230.0,120.0,50.0,229.169.190.147,11596,224.0.2.0,10000,0,24,0,24,0,24,0,24,0,24,0,24,0,24,0,24,0,24,0,24,der,wind,Vestas,0,0,0,0,0,0,0,33.08166591741128,5.734234458967585,56.97632708277503,57.848214324021214,5,5,5,5,1,1,0,0
H108,WD108,666.4623218190674,0.8749290850343504,True,CN,230.0,-120.0,50.0,226.15.47.141,12135,224.0.2.0,10000,0,24,0,24,0,24,0,24,0,24,0,24,0,24,0,24,0,24,0,24,der,wind,Vestas,0,0,0,0,0,0,0,34.76975403204505,51.471593764749386,14.902125565287058,27.182191773231093,5,5,5,5,1,1,0,0
H109,WD109,594.6893842044851,0.8906432056524345,True,AN,230.0,0.0,50.0,229.247.232.202,11910,224.0.2.0,10000,0,24,0,24,0,24,0,24,0,24,0,24,0,24,0,24,0,24,0,24,der,wind,Vestas,0,0,0,0,0,0,0,52.44189298316374,12.326968105195993,37.75221683953842,43.558706857986124,5,5,5,5,1,1,0,0
H110,WD110,687.0905598557711,0.8901447272911941,True,BN,230.0,120.0,50.0,233.181.231.51,10926,224.0.2.0,10000,0,24,0,24,0,24,0,24,0,24,0,24,0,24,0,24,0,24,0,24,der,wind,Vestas,0,0,0,0,0,0,0,58.958997804949405,17.402375256842245,40.28408529394965,9.267537244481359,5,5,5,5,1,1,0,0
H111,WD111,406.44616726337057,0.8989323907440947,True,CN,230.0,-120.0,50.0,228.201.24.187,12443,224.0.2.0,10000,0,24,0,24,0,24,0,24,0,24,0,24,0,24,0,24,0,24,0,24,der,wind,Vestas,0,0,0,0,0,0,0,7.9535696775287,10.686234073746702,24.225533396701934,15.758089200215085,5,5,5,5,1,1,0,0
H112,WD112,661.3733427131572,0.8919790083437318,True,AN,230.0,0.0,50.0,227.239.176.215,10476,224.0.2.0,10000,0,24,0,24,0,24,0,24,0,24,0,24,0,24,0,24,0,24,0,24,der,wind,Vestas,0,0,0,0,0,0,0,7.711001659096004,32.224246676789306,16.349294041716202,28.45162917129256,5,5,5,5,1,1,0,0
H113,WD113,923.7627826603168,0.8674725884807495,True,BN,230.0,120.0,50.0,229.12.36.137,11319,224.0.2.0,10000,0,24,0,24,0,24,0,24,0,24,0,24,0,24,0,24,0,24,0,24,der,wind,Vestas,0,0,0,0,0,0,0,30.035442550357562,25.710399831216627,56.38849525450583,55.75973882511361,5,5,5,5,1,1,0,0
H114,WD114,939.4213158696618,0.8901454300516002,True,CN,230.0,-120.0,50.0,230.127.52.72,11195,224.0.2.0,10000,0,24,0,24,0,24,0,24,0,24,0,24,0,24,0,24,0,24,0,24,der,wind,Vestas,0,0,0,0,0,0,0,0.6979552759834129,42.01075523242001,39.70061248208574,51.341686552796986,5,5,5,5,1,1,0,0
H115,WD115,664.250604873402,0.8837544893877819,True,AN,230.0,0.0,50.0,226.2.202.236,12256,224.0.2.0,10000,0,24,0,24,0,24,0,24,0,24,0,24,0,24,0,24,0,24,0,24,der,wind,Vestas,0,0,0,0,0,0,0,53.592647261487166,50.84836972460206,17.975265164869064,29.834470104668437,5,5,5,5,1,1,0,0
H116,WD116,984.2892990351563,0.8918895538530954,True,BN,230.0,120.0,50.0,230.72.206.19,10601,224.0.2.0,10000,0,24,0,24,0,24,0,24,0,24,0,24,0,24,0,24,0,24,0,24,der,wind,Vestas,0,0,0,0,0,0,0,25.08277711887033,39.87451066807997,30.10819968979985,53.18685399050936,5,5,5,5,1,1,0,0
H117,WD117,858.6025215066649,0.8747942658466396,True,CN,230.0,-120.0,50.0,235.52.60.149,10164,224.0.2.0,10000,0,24,0,24,0,24,0,24,0,24,0,24,0,24,0,24,0,24,0,24,der,wind,Vestas,0,0,0,0,0,0,0,1.5906268975253024,9.029892953900884,59.387161676936316,5.1630623057361955,5,5,5,5,1,1,0,0
H118,WD118,871.6740012074646,0.8602278292785458,True,AN,230.0,0.0,50.0,237.172.245.16,10054,224.0.2.0,10000,0,24,0,24,0,24,0,24,0,24,0,24,0,24,0,24,0,24,0,24,der,wind,Vestas,0,0,0,0,0,0,0,6.194607628648921,36.38756061036269,30.355057041819308,29.417371487479716,5,5,5,5,1,1,0,0
H119,WD119,985.7575856996406,0.8618329031348478,True,BN,230.0,120.0,50.0,236.10.133.219,10716,224.0.2.0,10000,0,24,0,24,0,24,0,24,0,24,0,24,0,24,0,24,0,24,0,24,der,wind,Vestas,0,0,0,0,0,0,0,18.043456886146142,16.466189111973286,19.272719479592627,20.521205799705246,5,5,5,5,1,1,0,0
H120,WD120,534.357997341251,0.8947182884313266,True,CN,230.0,-120.0,50.0,224.60.195.29,10968,224.0.2.0,10000,0,24,0,24,0,24,0,24,0,24,0,24,0,24,0,24,0,24,0,24,der,wind,Vestas,0,0,0,0,0,0,0,9.203333312271623,54.28634488322597,51.92271445912747,44.58110070634203,5,5,5,5,1,1,0,0
H121,WD121,918.2734403594235,0.8887594826119853,True,AN,230.0,0.0,50.0,236.209.217.247,12049,224.0.2.0,10000,0,24,0,24,0,24,0,24,0,24,0,24,0,24,0,24,0,24,0,24,der,wind,Vestas,0,0,0,0,0,0,0,58.89380309295513,58.662601064428685,9.641848416130252,16.80349295874928,5,5,5,5,1,1,0,0
H122,WD122,698.15544647147,0.8746182703606294,True,BN,230.0,120.0,50.0,231.37.225.30,10693,224.0.2.0,10000,0,24,0,24,0,24,0,24,0,24,0,24,0,24,0,24,0,24,0,24,der,wind,Vestas,0,0,0,0,0,0,0,28.04359035467022,50.56121484299129,43.54212897610007,43.05242808179488,5,5,5,5,1,1,0,0
H123,WD123,640.1884748577716,0.899519915213958,True,CN,230.0,-120.0,50.0,232.101.28.249,11366,224.0.2.0,10000,0,24,0,24,0,24,0,24,0,24,0,24,0,24,0,24,0,24,0,24,der,wind,Vestas,0,0,0,0,0,0,0,23.028166859055734,44.442282857610635,55.12682670367528,48.51720549444522,5,5,5,5,1,1,0,0
H124,WD124,744.8551759715954,0.8989632967990312,True,AN,230.0,0.0,50.0,226.100.228.163,12479,224.0.2.0,10000,0,24,0,24,0,24,0,24,0,24,0,24,0,24,0,24,0,24,0,24,der,wind,Vestas,0,0,0,0,0,0,0,22.635735014868054,28.71973378349021,17.847237239985823,51.952438597140215,5,5,5,5,1,1,0,0
H125,WD125,772.2454423946082,0.8907261406090053,True,BN,230.0,120.0,50.0,230.134.160.180,12351,224.0.2.0,10000,0,24,0,24,0,24,0,24,0,24,0,24,0,24,0,24,0,24,0,24,der,wind,Vestas,0,0,0,0,0,0,0,34.699394122369526,4.62102531479701,37.13778150588829,55.09353406359594,5,5,5,5,1,1,0,0
H126,WD126,508.2433309275672,0.8990967482985599,True,CN,230.0,-120.0,50.0,228.23.36.49,11778,224.0.2.0,10000,0,24,0,24,0,24,0,24,0,24,0,24,0,24,0,24,0,24,0,24,der,wind,Vestas,0,0,0,0,0,0,0,50.69118446941539,8.534930170623404,58.01934685795271,14.476515463915126,5,5,5,5,1,1,0,0
H127,WD127,693.6601414329215,0.8829572417841784,True,AN,230.0,0.0,50.0,228.236.254.99,12868,224.0.2.0,10000,0,24,0,24,0,24,0,24,0,24,0,24,0,24,0,24,0,24,0,24,der,wind,Vestas,0,0,0,0,0,0,0,51.950060495238105,33.565248168049976,28.287963526901926,35.3283251893013,5,5,5,5,1,1,0,0
H128,WD128,663.380058474386,0.8788459993588132,True,BN,230.0,120.0,50.0,224.204.146.244,10558,224.0.2.0,10000,0,24,0,24,0,24,0,24,0,24,0,24,0,24,0,24,0,24,0,24,der,wind,Vestas,0,0,0,0,0,0,0,48.55134099547707,29.73484956214698,23.03444916580314,5.757409432568567,5,5,5,5,1,1,0,0
H129,WD129,593.7777747164154,0.8980065158936535,True,CN,230.0,-120.0,50.0,237.131.22.64,10257,224.0.2.0,10000,0,24,0,24,0,24,0,24,0,24,0,24,0,24,0,24,0,24,0,24,der,wind,Vestas,0,0,0,0,0,0,0,30.30620057366721,29.423336112557827,34.39524064503583,32.99856458639211,5,5,5,5,1,1,0,0
H130,WD130,503.4484800199772,0.8975122490990997,True,AN,230.0,0.0,50.0,231.204.123.113,10475,224.0.2.0,10000,0,24,0,24,0,24,0,24,0,24,0,24,0,24,0,24,0,24,0,24,der,wind,Vestas,0,0,0,0,0,0,0,0.9620694097586613,37.2245319281835,30.11237295388148,25.932675355594768,5,5,5,5,1,1,0,0
H131,WD131,784.4560409578569,0.8911079599920404,True,BN,230.0,120.0,50.0,236.70.164.184,12211,224.0.2.0,10000,0,24,0,24,0,24,0,24,0,24,0,24,0,24,0,24,0,24,0,24,der,wind,Vestas,0,0,0,0,0,0,0,27.165619341953562,25.691270142535878,26.035298750678464,41.77629068674265,5,5,5,5,1,1,0,0
H132,WD132,737.9133559936656,0.8967456486498276,True,CN,230.0,-120.0,50.0,231.20.67.225,10997,224.0.2.0,10000,0,24,0,24,0,24,0,24,0,24,0,24,0,24,0,24,0,24,0,24,der,wind,Vestas,0,0,0,0,0,0,0,40.58301159788797,48.57644094674142,28.462096485259888,5.622088991127281,5,5,5,5,1,1,0,0
H133,WD133,872.3309297012578,0.899349193007802,True,AN,230.0,0.0,50.0,237.143.225.197,11383,224.0.2.0,10000,0,24,0,24,0,24,0,24,0,24,0,24,0,24,0,24,0,24,0,24,der,wind,Vestas,0,0,0,0,0,0,0,35.7923083146769,24.205521398783443,10.592279732544892,50.26455477680446,5,5,5,5,1,1,0,0
H134,WD134,421.345387528819,0.8850654356336065,True,BN,230.0,120.0,50.0,230.108.60.10,11844,224.0.2.0,10000,0,24,0,24,0,24,0,24,0,24,0,24,0,24,0,24,0,24,0,24,der,wind,Vestas,0,0,0,0,0,0,0,27.549905892117277,54.07332539268802,52.895136946588835,42.30102431320929,5,5,5,5,1,1,0,0
H135,WD135,618.0888153546776,0.8646723139227586,True,CN,230.0,-120.0,50.0,238.145.173.194,12005,224.0.2.0,10000,0,24,0,24,0,24,0,24,0,24,0,24,0,24,0,24,0,24,0,24,der,wind,Vestas,0,0,0,0,0,0,0,32.41505948019191,27.328084671606188,15.45914290850274,17.431455055349844,5,5,5,5,1,1,0,0
H136,WD136,825.0943992860363,0.8890916859539348,True,AN,230.0,0.0,50.0,229.18.225.10,10734,224.0.2.0,10000,0,24,0,24,0,24,0,24,0,24,0,24,0,24,0,24,0,24,0,24,der,wind,Vestas,0,0,0,0,0,0,0,9.665430863093398,50.80246577090428,39.66456954339998,50.52809636365388,5,5,5,5,1,1,0,0
H137,WD137,696.3797063062324,0.8955859561785483,True,BN,230.0,120.0,50.0,235.170.208.10,11306,224.0.2.0,10000,0,24,0,24,0,24,0,24,0,24,0,24,0,24,0,24,0,24,0,24,der,wind,Vestas,0,0,0,0,0,0,0,13.503132531984718,47.11443621624912,21.14923638446931,9.65068181324832,5,5,5,5,1,1,0,0
H138,WD138,778.1040099302785,0.8671703503113652,True,CN,230.0,-120.0,50.0,229.92.193.178,11324,224.0.2.0,10000,0,24,0,24,0,24,0,24,0,24,0,24,0,24,0,24,0,24,0,24,der,wind,Vestas,0,0,0,0,0,0,0,45.58219403015626,13.766131109996932,22.306602018396987,9.395852362062495,5,5,5,5,1,1,0,0
H139,WD139,955.614382069826,0.8970307534175199,True,AN,230.0,0.0,50.0,229.211.42.56,12205,224.0.2.0,10000,0,24,0,24,0,24,0,24,0,24,0,24,0,24,0,24,0,24,0,24,der,wind,Vestas,0,0,0,0,0,0,0,25.267731426424177,25.26153059289598,4.035479821417762,30.9684587156052,5,5,5,5,1,1,0,0
H140,WD140,624.5727983658196,0.8917280202465352,True,BN,230.0,120.0,50.0,226.101.248.6,10895,224.0.2.0,10000,0,24,0,24,0,24,0,24,0,24,0,24,0,24,0,24,0,24,0,24,der,wind,Vestas,0,0,0,0,0,0,0,42.61247191847656,55.113469143720934,6.547539902485793,45.79012787565298,5,5,5,5,1,1,0,0
H141,WD141,640.7223746712605,0.8874131999444085,True,CN,230.0,-120.0,50.0,228.22.21.212,12795,224.0.2.0,10000,0,24,0,24,0,24,0,24,0,24,0,24,0,24,0,24,0,24,0,24,der,wind,Vestas,0,0,0,0,0,0,0,53.32035897913657,31.85812439023357,16.877785754331377,11.992287533195254,5,5,5,5,1,1,0,0
H142,WD142,557.5733474920704,0.875270803567513,True,AN,230.0,0.0,50.0,225.174.118.35,11576,224.0.2.0,10000,0,24,0,24,0,24,0,24,0,24,0,24,0,24,0,24,0,24,0,24,der,wind,Vestas,0,0,0,0,0,0,0,58.710281340069,43.5214728140927,52.06702284473565,54.96626973945524,5,5,5,5,1,1,0,0
H143,WD143,512.4813451055038,0.881031871635981,True,BN,230.0,120.0,50.0,234.59.158.40,11939,224.0.2.0,10000,0,24,0,24,0,24,0,24,0,24,0,24,0,24,0,24,0,24,0,24,der,wind,Vestas,0,0,0,0,0,0,0,27.56270381769661,38.792945244654945,27.33275655766525,7.220577858243465,5,5,5,5,1,1,0,0
H144,WD144,927.3048278464947,0.876775977669456,True,CN,230.0,-120.0,50.0,238.42.245.165,10474,224.0.2.0,10000,0,24,0,24,0,24,0,24,0,24,0,24,0,24,0,24,0,24,0,24,der,wind,Vestas,0,0,0,0,0,0,0,12.872877145824155,30.024630338121096,46.779454315053144,15.617142702293421,5,5,5,5,1,1,0,0
H145,WD145,719.3243909651633,0.8905665707889674,True,AN,230.0,0.0,50.0,224.22.41.39,11391,224.0.2.0,10000,0,24,0,24,0,24,0,24,0,24,0,24,0,24,0,24,0,24,0,24,der,wind,Vestas,0,0,0,0,0,0,0,54.17454054603338,27.219513049175344,41.61585436253969,32.16301361109935,5,5,5,5,1,1,0,0
H146,WD146,453.5769874815379,0.8684877073985833,True,BN,230.0,120.0,50.0,234.150.82.121,12926,224.0.2.0,10000,0,24,0,24,0,24,0,24,0,24,0,24,0,24,0,24,0,24,0,24,der,wind,Vestas,0,0,0,0,0,0,0,48.89585692102155,21.64434347369924,33.87149206680192,8.06890558238903,5,5,5,5,1,1,0,0
H147,WD147,405.43862043083175,0.8645231475788339,True,CN,230.0,-120.0,50.0,226.14.193.214,12142,224.0.2.0,10000,0,24,0,24,0,24,0,24,0,24,0,24,0,24,0,24,0,24,0,24,der,wind,Vestas,0,0,0,0,0,0,0,14.754278462421116,44.507183104145625,31.30365461659895,11.575434557865455,5,5,5,5,1,1,0,0
H148,WD148,558.4341977530443,0.8943663800815136,True,AN,230.0,0.0,50.0,229.95.38.42,12728,224.0.2.0,10000,0,24,0,24,0,24,0,24,0,24,0,24,0,24,0,24,0,24,0,24,der,wind,Vestas,0,0,0,0,0,0,0,26.497257901786273,52.726342081519405,39.41147678151422,45.77415076801593,5,5,5,5,1,1,0,0
H149,WD149,901.6457610534588,0.864427420118701,True,BN,230.0,120.0,50.0,235.212.68.45,10908,224.0.2.0,10000,0,24,0,24,0,24,0,24,0,24,0,24,0,24,0,24,0,24,0,24,der,wind,Vestas,0,0,0,0,0,0,0,30.115056303709714,13.838173705167348,43.73366183352381,40.213492591852294,5,5,5,5,1,1,0,0
H150,WD150,512.1481510378419,0.8744274443961301,True,CN,230.0,-120.0,50.0,225.29.138.103,11908,224.0.2.0,10000,0,24,0,24,0,24,0,24,0,24,0,24,0,24,0,24,0,24,0,24,der,wind,Vestas,0,0,0,0,0,0,0,9.814879123822099,19.360498884851122,21.13125645737548,44.23792106885456,5,5,5,5,1,1,0,0
H151,WD151,983.492138048033,0.8852168292905555,True,AN,230.0,0.0,50.0,227.33.145.105,10692,224.0.2.0,10000,0,24,0,24,0,24,0,24,0,24,0,24,0,24,0,24,0,24,0,24,der,wind,Vestas,0,0,0,0,0,0,0,54.665605441589776,29.509820201797588,19.63675522650488,49.103961091841555,5,5,5,5,1,1,0,0
H152,WD152,489.36638086468804,0.896565551885067,True,BN,230.0,120.0,50.0,238.85.124.177,12789,224.0.2.0,10000,0,24,0,24,0,24,0,24,0,24,0,24,0,24,0,24,0,24,0,24,der,wind,Vestas,0,0,0,0,0,0,0,59.332332325662996,4.588586433213122,41.83415551200075,31.81028646803298,5,5,5,5,1,1,0,0
H153,WD153,445.7975290743826,0.8737283572950616,True,CN,230.0,-120.0,50.0,230.120.19.123,11461,224.0.2.0,10000,0,24,0,24,0,24,0,24,0,24,0,24,0,24,0,24,0,24,0,24,der,wind,Vestas,0,0,0,0,0,0,0,48.82267157586633,23.148541000871866,6.698192023686856,54.703166783334616,5,5,5,5,1,1,0,0
H154,WD154,891.9981899864157,0.8930101612734094,True,AN,230.0,0.0,50.0,236.228.231.45,10096,224.0.2.0,10000,0,24,0,24,0,24,0,24,0,24,0,24,0,24,0,24,0,24,0,24,der,wind,Vestas,0,0,0,0,0,0,0,48.21749645917665,17.562044187896817,36.559883896047545,14.005858971198808,5,5,5,5,1,1,0,0
H155,WD155,714.5848196078445,0.8725862153519579,True,BN,230.0,120.0,50.0,238.189.210.115,11497,224.0.2.0,10000,0,24,0,24,0,24,0,24,0,24,0,24,0,24,0,24,0,24,0,24,der,wind,Vestas,0,0,0,0,0,0,0,2.85023778221152,9.644881391124809,48.523995722650426,35.68238265760201,5,5,5,5,1,1,0,0
H156,WD156,671.2536550671949,0.8671494738194807,True,CN,230.0,-120.0,50.0,227.107.112.240,12918,224.0.2.0,10000,0,24,0,24,0,24,0,24,0,24,0,24,0,24,0,24,0,24,0,24,der,wind,Vestas,0,0,0,0,0,0,0,6.5140374703294075,23.812443656568984,32.67879248814402,22.11690117213907,5,5,5,5,1,1,0,0
H157,WD157,791.7767459924462,0.8848483578126648,True,AN,230.0,0.0,50.0,224.141.17.160,11017,224.0.2.0,10000,0,24,0,24,0,24,0,24,0,24,0,24,0,24,0,24,0,24,0,24,der,wind,Vestas,0,0,0,0,0,0,0,0.17006007115962118,51.80175458878116,57.89156451196966,4.066459018239211,5,5,5,5,1,1,0,0
H158,WD158,826.2698301397259,0.89000015382529,True,BN,230.0,120.0,50.0,229.223.5.73,11343,224.0.2.0,10000,0,24,0,24,0,24,0,24,0,24,0,24,0,24,0,24,0,24,0,24,der,wind,Vestas,0,0,0,0,0,0,0,1.614450297287573,56.374826634913106,5.441219970000377,52.7279586855807,5,5,5,5,1,1,0,0
H159,WD159,855.5290349148678,0.8874922722843503,True,CN,230.0,-120.0,50.0,233.120.177.67,12638,224.0.2.0,10000,0,24,0,24,0,24,0,24,0,24,0,24,0,24,0,24,0,24,0,24,der,wind,Vestas,0,0,0,0,0,0,0,11.861079400302613,13.12010831968451,51.54796883760514,27.79335881711303,5,5,5,5,1,1,0,0
H160,WD160,565.2666864002464,0.8740605642241335,True,AN,230.0,0.0,50.0,235.164.158.45,12265,224.0.2.0,10000,0,24,0,24,0,24,0,24,0,24,0,24,0,24,0,24,0,24,0,24,der,wind,Vestas,0,0,0,0,0,0,0,15.262456172762581,48.02413974438158,40.706901932435535,43.29377891888111,5,5,5,5,1,1,0,0
H161,WD161,527.1854529275357,0.8953631770261621,True,BN,230.0,120.0,50.0,230.64.109.101,12699,224.0.2.0,10000,0,24,0,24,0,24,0,24,0,24,0,24,0,24,0,24,0,24,0,24,der,wind,Vestas,0,0,0,0,0,0,0,57.56498069100455,25.48100313918626,44.26569312394007,6.827698519747068,5,5,5,5,1,1,0,0
H162,WD162,501.50533346851745,0.8835786150027366,True,CN,230.0,-120.0,50.0,225.148.107.5,10549,224.0.2.0,10000,0,24,0,24,0,24,0,24,0,24,0,24,0,24,0,24,0,24,0,24,der,wind,Vestas,0,0,0,0,0,0,0,22.71308482372997,41.743538205888754,31.662571536567075,20.08641156520251,5,5,5,5,1,1,0,0
H163,WD163,814.556031681644,0.8857629304058787,True,AN,230.0,0.0,50.0,230.123.112.200,10630,224.0.2.0,10000,0,24,0,24,0,24,0,24,0,24,0,24,0,24,0,24,0,24,0,24,der,wind,Vestas,0,0,0,0,0,0,0,10.260269508904102,43.21303001055308,5.325056398734027,18.63031739279393,5,5,5,5,1,1,0,0
H164,WD164,890.2652809908291,0.8966292339562626,True,BN,230.0,120.0,50.0,236.207.157.198,12046,224.0.2.0,10000,0,24,0,24,0,24,0,24,0,24,0,24,0,24,0,24,0,24,0,24,der,wind,Vestas,0,0,0,0,0,0,0,49.99407407721946,21.723331749647393,18.679804058806674,16.258123537947146,5,5,5,5,1,1,0,0
H165,WD165,689.9160089830227,0.8941405823194182,True,CN,230.0,-120.0,50.0,231.153.143.40,11625,224.0.2.0,10000,0,24,0,24,0,24,0,24,0,24,0,24,0,24,0,24,0,24,0,24,der,wind,Vestas,0,0,0,0,0,0,0,4.522480945651952,46.52996479281588,41.46258559663663,35.83056810830717,5,5,5,5,1,1,0,0
H166,WD166,847.8854704364871,0.8536796686736026,True,AN,230.0,0.0,50.0,228.177.156.109,10783,224.0.2.0,10000,0,24,0,24,0,24,0,24,0,24,0,24,0,24,0,24,0,24,0,24,der,wind,Vestas,0,0,0,0,0,0,0,49.112829027896595,58.513965893034275,41.62607644929078,41.488774607984936,5,5,5,5,1,1,0,0
H167,WD167,750.2856172155992,0.8448274707916109,True,BN,230.0,120.0,50.0,230.223.211.219,12488,224.0.2.0,10000,0,24,0,24,0,24,0,24,0,24,0,24,0,24,0,24,0,24,0,24,der,wind,Vestas,0,0,0,0,0,0,0,31.748373963966447,29.245729712073587,50.284430472726015,51.825512203904765,5,5,5,5,1,1,0,0
H168,WD168,645.4432111760199,0.8815061774309804,True,CN,230.0,-120.0,50.0,229.132.222.88,11488,224.0.2.0,10000,0,24,0,24,0,24,0,24,0,24,0,24,0,24,0,24,0,24,0,24,der,wind,Vestas,0,0,0,0,0,0,0,50.624935004646176,3.2142796933861972,58.93636569003517,14.299613511676997,5,5,5,5,1,1,0,0
H169,WD169,825.0295585320572,0.8989907136377153,True,AN,230.0,0.0,50.0,236.113.241.228,10657,224.0.2.0,10000,0,24,0,24,0,24,0,24,0,24,0,24,0,24,0,24,0,24,0,24,der,wind,Vestas,0,0,0,0,0,0,0,29.564579040021567,26.546072051003694,25.78595417021953,59.49973133741122,5,5,5,5,1,1,0,0
H170,WD170,552.2766710930978,0.8776488263425339,True,BN,230.0,120.0,50.0,225.230.10.207,10784,224.0.2.0,10000,0,24,0,24,0,24,0,24,0,24,0,24,0,24,0,24,0,24,0,24,der,wind,Vestas,0,0,0,0,0,0,0,23.420992504303456,58.23364952405964,18.49701112675813,37.2546169111824,5,5,5,5,1,1,0,0
H171,WD171,498.9611258693378,0.8772413290307011,True,CN,230.0,-120.0,50.0,228.249.26.26,10779,224.0.2.0,10000,0,24,0,24,0,24,0,24,0,24,0,24,0,24,0,24,0,24,0,24,der,wind,Vestas,0,0,0,0,0,0,0,41.56333610458589,11.250852508514694,6.864581844408704,55.58088833568666,5,5,5,5,1,1,0,0
H172,WD172,569.7747487407453,0.8989646683102694,True,AN,230.0,0.0,50.0,238.213.142.115,11766,224.0.2.0,10000,0,24,0,24,0,24,0,24,0,24,0,24,0,24,0,24,0,24,0,24,der,wind,Vestas,0,0,0,0,0,0,0,16.15589793973945,30.372626820392128,54.67733913128679,8.195113269293582,5,5,5,5,1,1,0,0
H173,WD173,580.6036319756832,0.8969307935444122,True,BN,230.0,120.0,50.0,237.149.178.205,11368,224.0.2.0,10000,0,24,0,24,0,24,0,24,0,24,0,24,0,24,0,24,0,24,0,24,der,wind,Vestas,0,0,0,0,0,0,0,47.97262030073679,29.589676087392622,45.03773691768873,56.786624866387264,5,5,5,5,1,1,0,0
H174,WD174,821.8533884950167,0.8777109195201704,True,CN,230.0,-120.0,50.0,236.151.180.18,10623,224.0.2.0,10000,0,24,0,24,0,24,0,24,0,24,0,24,0,24,0,24,0,24,0,24,der,wind,Vestas,0,0,0,0,0,0,0,34.579646432356164,19.036579429839968,11.110427912340711,41.85876115958791,5,5,5,5,1,1,0,0
H175,WD175,633.3832411045465,0.897466533355332,True,AN,230.0,0.0,50.0,234.110.104.50,11530,224.0.2.0,10000,0,24,0,24,0,24,0,24,0,24,0,24,0,24,0,24,0,24,0,24,der,wind,Vestas,0,0,0,0,0,0,0,25.636422890703344,10.355149028112164,43.26920035440589,9.165062854201345,5,5,5,5,1,1,0,0
H176,WD176,673.1126474957136,0.8636491619405341,True,BN,230.0,120.0,50.0,224.145.151.1,11140,224.0.2.0,10000,0,24,0,24,0,24,0,24,0,24,0,24,0,24,0,24,0,24,0,24,der,wind,Vestas,0,0,0,0,0,0,0,15.164923695306792,23.351056241744434,44.428288293717806,42.859749675345256,5,5,5,5,1,1,0,0
H177,WD177,439.9927581047569,0.8945698494637055,True,CN,230.0,-120.0,50.0,235.57.160.141,10093,224.0.2.0,10000,0,24,0,24,0,24,0,24,0,24,0,24,0,24,0,24,0,24,0,24,der,wind,Vestas,0,0,0,0,0,0,0,7.473771677467756,4.76518305844187,42.49066041662194,58.27469873680389,5,5,5,5,1,1,0,0
H178,WD178,527.0508722028094,0.8947559400570176,True,AN,230.0,0.0,50.0,237.90.86.24,12877,224.0.2.0,10000,0,24,0,24,0,24,0,24,0,24,0,24,0,24,0,24,0,24,0,24,der,wind,Vestas,0,0,0,0,0,0,0,28.48104662413771,39.246069077355315,58.01999547395695,32.75962261288748,5,5,5,5,1,1,0,0
H179,WD179,477.65753780278,0.8694959043514106,True,BN,230.0,120.0,50.0,233.93.121.13,11736,224.0.2.0,10000,0,24,0,24,0,24,0,24,0,24,0,24,0,24,0,24,0,24,0,24,der,wind,Vestas,0,0,0,0,0,0,0,50.76708791813848,19.882494611823464,46.10945558008017,20.16472855811508,5,5,5,5,1,1,0,0
H180,WD180,843.039604785547,0.8968836144643353,True,CN,230.0,-120.0,50.0,225.170.173.88,12993,224.0.2.0,10000,0,24,0,24,0,24,0,24,0,24,0,24,0,24,0,24,0,24,0,24,der,wind,Vestas,0,0,0,0,0,0,0,31.258442204328695,32.892458643984924,9.743199883461639,45.867083726600356,5,5,5,5,1,1,0,0
H181,WD181,968.5262986885499,0.8976949726028903,True,AN,230.0,0.0,50.0,228.57.67.192,12653,224.0.2.0,10000,0,24,0,24,0,24,0,24,0,24,0,24,0,24,0,24,0,24,0,24,der,wind,Vestas,0,0,0,0,0,0,0,38.66499093405243,31.067747700538387,13.545418133146864,20.351120778673316,5,5,5,5,1,1,0,0
H182,WD182,585.6491932678867,0.8928936460761091,True,BN,230.0,120.0,50.0,226.143.89.219,10683,224.0.2.0,10000,0,24,0,24,0,24,0,24,0,24,0,24,0,24,0,24,0,24,0,24,der,wind,Vestas,0,0,0,0,0,0,0,36.328101534148686,45.25828758686254,35.67916341777166,47.85865541344341,5,5,5,5,1,1,0,0
H183,WD183,692.8810256679808,0.8719669813400777,True,CN,230.0,-120.0,50.0,225.221.8.206,10539,224.0.2.0,10000,0,24,0,24,0,24,0,24,0,24,0,24,0,24,0,24,0,24,0,24,der,wind,Vestas,0,0,0,0,0,0,0,15.863301885517163,42.654986553388,30.335392823876063,31.177987872201374,5,5,5,5,1,1,0,0
H184,WD184,666.8863257575025,0.8798916050620323,True,AN,230.0,0.0,50.0,229.85.172.209,11246,224.0.2.0,10000,0,24,0,24,0,24,0,24,0,24,0,24,0,24,0,24,0,24,0,24,der,wind,Vestas,0,0,0,0,0,0,0,31.480335339475786,32.69342603673129,33.722715390476566,43.81322445279398,5,5,5,5,1,1,0,0
H185,WD185,982.6718789518908,0.8705028592608005,True,BN,230.0,120.0,50.0,230.216.214.249,10172,224.0.2.0,10000,0,24,0,24,0,24,0,24,0,24,0,24,0,24,0,24,0,24,0,24,der,wind,Vestas,0,0,0,0,0,0,0,51.23344914470609,37.09187827196513,55.45502579749193,57.09853411751387,5,5,5,5,1,1,0,0
H186,WD186,977.0459375875043,0.8862669907157145,True,CN,230.0,-120.0,50.0,227.102.111.100,10694,224.0.2.0,10000,0,24,0,24,0,24,0,24,0,24,0,24,0,24,0,24,0,24,0,24,der,wind,Vestas,0,0,0,0,0,0,0,39.708239891394264,51.89954262846849,8.896054404391222,22.865720903683638,5,5,5,5,1,1,0,0
H187,WD187,659.1806131140844,0.8906763154757876,True,AN,230.0,0.0,50.0,232.191.128.218,12497,224.0.2.0,10000,0,24,0,24,0,24,0,24,0,24,0,24,0,24,0,24,0,24,0,24,der,wind,Vestas,0,0,0,0,0,0,0,3.1017390199659345,38.62693086559329,35.838314184686844,56.65331747682136,5,5,5,5,1,1,0,0
H188,WD188,759.2256458825937,0.8921632887613146,True,BN,230.0,120.0,50.0,224.68.27.52,10553,224.0.2.0,10000,0,24,0,24,0,24,0,24,0,24,0,24,0,24,0,24,0,24,0,24,der,wind,Vestas,0,0,0,0,0,0,0,32.74764955032099,47.94029899465739,43.958286485718325,14.223580245743838,5,5,5,5,1,1,0,0
H189,WD189,476.7946574864564,0.898767773165678,True,CN,230.0,-120.0,50.0,232.55.2.229,10032,224.0.2.0,10000,0,24,0,24,0,24,0,24,0,24,0,24,0,24,0,24,0,24,0,24,der,wind,Vestas,0,0,0,0,0,0,0,49.45833612049402,51.337380858925314,49.733497105771676,3.435585545077539,5,5,5,5,1,1,0,0
H190,WD190,579.41499212145,0.891291807720602,True,AN,230.0,0.0,50.0,238.4.207.119,10206,224.0.2.0,10000,0,24,0,24,0,24,0,24,0,24,0,24,0,24,0,24,0,24,0,24,der,wind,Vestas,0,0,0,0,0,0,0,52.54913117093482,56.567060835505444,50.26117966999235,40.943981576854796,5,5,5,5,1,1,0,0
H191,WD191,423.35564976222304,0.8542800344010311,True,BN,230.0,120.0,50.0,231.1.162.240,12342,224.0.2.0,10000,0,24,0,24,0,24,0,24,0,24,0,24,0,24,0,24,0,24,0,24,der,wind,Vestas,0,0,0,0,0,0,0,11.322213492466437,22.898554227303606,36.15252541690197,46.184616944277366,5,5,5,5,1,1,0,0
H192,WD192,659.9671691830831,0.8954851143634781,True,CN,230.0,-120.0,50.0,232.40.215.137,10754,224.0.2.0,10000,0,24,0,24,0,24,0,24,0,24,0,24,0,24,0,24,0,24,0,24,der,wind,Vestas,0,0,0,0,0,0,0,44.380902762367846,8.913715236194875,9.227700642158098,28.15050144521912,5,5,5,5,1,1,0,0
H193,WD193,438.053067688663,0.8590980995320457,True,AN,230.0,0.0,50.0,231.230.138.140,12614,224.0.2.0,10000,0,24,0,24,0,24,0,24,0,24,0,24,0,24,0,24,0,24,0,24,der,wind,Vestas,0,0,0,0,0,0,0,15.121164883009559,55.25803432698059,21.182718598917788,52.18165552784594,5,5,5,5,1,1,0,0
H194,WD194,782.2338849861553,0.8992409429188092,True,BN,230.0,120.0,50.0,231.220.252.17,11727,224.0.2.0,10000,0,24,0,24,0,24,0,24,0,24,0,24,0,24,0,24,0,24,0,24,der,wind,Vestas,0,0,0,0,0,0,0,41.15389978844251,41.92801495466398,16.942124049651838,36.02410521010833,5,5,5,5,1,1,0,0
H195,WD195,811.7806595247474,0.8964197532797822,True,CN,230.0,-120.0,50.0,228.4.137.30,10674,224.0.2.0,10000,0,24,0,24,0,24,0,24,0,24,0,24,0,24,0,24,0,24,0,24,der,wind,Vestas,0,0,0,0,0,0,0,44.47276100087397,37.880088968916745,18.952499653240256,52.04467041467024,5,5,5,5,1,1,0,0
H196,WD196,544.0958585059605,0.8949063171169392,True,AN,230.0,0.0,50.0,228.4.238.181,11738,224.0.2.0,10000,0,24,0,24,0,24,0,24,0,24,0,24,0,24,0,24,0,24,0,24,der,wind,Vestas,0,0,0,0,0,0,0,28.802270226173597,32.98907658605974,20.957424070622753,56.98610722606139,5,5,5,5,1,1,0,0
H197,WD197,473.22608732612287,0.8897628747036281,True,BN,230.0,120.0,50.0,229.147.217.132,11555,224.0.2.0,10000,0,24,0,24,0,24,0,24,0,24,0,24,0,24,0,24,0,24,0,24,der,wind,Vestas,0,0,0,0,0,0,0,14.734455618356858,27.08379063325187,18.586777540326466,21.13836572212209,5,5,5,5,1,1,0,0
H198,WD198,884.2702774021298,0.8716689071260062,True,CN,230.0,-120.0,50.0,228.114.245.54,12039,224.0.2.0,10000,0,24,0,24,0,24,0,24,0,24,0,24,0,24,0,24,0,24,0,24,der,wind,Vestas,0,0,0,0,0,0,0,14.62434616796169,54.182753523874794,55.77238124211071,25.8746521853794,5,5,5,5,1,1,0,0
H199,WD199,439.84738372446895,0.8856610451496555,True,AN,230.0,0.0,50.0,225.52.240.142,10938,224.0.2.0,10000,0,24,0,24,0,24,0,24,0,24,0,24,0,24,0,24,0,24,0,24,der,wind,Vestas,0,0,0,0,0,0,0,39.22440231102126,48.476575457219624,23.523846354784194,54.30719103557698,5,5,5,5,1,1,0,0
H200,WD200,642.8967664659374,0.888113844770841,True,BN,230.0,120.0,50.0,234.98.15.203,11456,224.0.2.0,10000,0,24,0,24,0,24,0,24,0,24,0,24,0,24,0,24,0,24,0,24,der,wind,Vestas,0,0,0,0,0,0,0,29.32417579087134,24.3201810340554,43.17841553742732,55.66490751586043,5,5,5,5,1,1,0,0
H201,WD201,972.1362783739118,0.8949582886565787,True,CN,230.0,-120.0,50.0,232.108.64.61,11111,224.0.2.0,10000,0,24,0,24,0,24,0,24,0,24,0,24,0,24,0,24,0,24,0,24,der,wind,Vestas,0,0,0,0,0,0,0,30.34867984263405,33.914140072363395,38.68282270771186,35.35515451121907,5,5,5,5,1,1,0,0
H202,WD202,889.6920050570768,0.8982838642767792,True,AN,230.0,0.0,50.0,234.3.95.240,10150,224.0.2.0,10000,0,24,0,24,0,24,0,24,0,24,0,24,0,24,0,24,0,24,0,24,der,wind,Vestas,0,0,0,0,0,0,0,48.66900338084635,34.99504114778313,4.080777354031148,39.032365836786624,5,5,5,5,1,1,0,0
H203,WD203,837.2419656916625,0.8903320457537177,True,BN,230.0,120.0,50.0,231.132.19.16,10713,224.0.2.0,10000,0,24,0,24,0,24,0,24,0,24,0,24,0,24,0,24,0,24,0,24,der,wind,Vestas,0,0,0,0,0,0,0,26.100412051295994,55.5203461561479,51.84882950728966,39.094107516701854,5,5,5,5,1,1,0,0
H204,WD204,691.3242341401146,0.8827750292461075,True,CN,230.0,-120.0,50.0,237.16.45.72,12786,224.0.2.0,10000,0,24,0,24,0,24,0,24,0,24,0,24,0,24,0,24,0,24,0,24,der,wind,Vestas,0,0,0,0,0,0,0,51.28761460933992,48.08956561704044,53.960221775234274,29.94261510593595,5,5,5,5,1,1,0,0
H205,WD205,960.9419339737435,0.8821330425020261,True,AN,230.0,0.0,50.0,230.129.10.118,10828,224.0.2.0,10000,0,24,0,24,0,24,0,24,0,24,0,24,0,24,0,24,0,24,0,24,der,wind,Vestas,0,0,0,0,0,0,0,37.08388875635146,35.28245364787423,18.233823070205304,31.911916136141965,5,5,5,5,1,1,0,0
H206,WD206,728.6812951408681,0.8860682741321961,True,BN,230.0,120.0,50.0,226.28.107.13,11363,224.0.2.0,10000,0,24,0,24,0,24,0,24,0,24,0,24,0,24,0,24,0,24,0,24,der,wind,Vestas,0,0,0,0,0,0,0,27.054831629078606,53.61128541718247,28.772509022309507,33.48729036037718,5,5,5,5,1,1,0,0
H207,WD207,945.52891583301,0.8802901442895997,True,CN,230.0,-120.0,50.0,235.49.60.35,12420,224.0.2.0,10000,0,24,0,24,0,24,0,24,0,24,0,24,0,24,0,24,0,24,0,24,der,wind,Vestas,0,0,0,0,0,0,0,12.145241311855372,45.65880701633456,31.739915597808693,30.6980792710766,5,5,5,5,1,1,0,0
H208,WD208,931.096134090631,0.8867585657151748,True,AN,230.0,0.0,50.0,237.149.220.235,12922,224.0.2.0,10000,0,24,0,24,0,24,0,24,0,24,0,24,0,24,0,24,0,24,0,24,der,wind,Vestas,0,0,0,0,0,0,0,2.532209783336703,18.89637272481913,23.80279036254572,7.694722448536895,5,5,5,5,1,1,0,0
H209,WD209,794.0376763624024,0.893699867302781,True,BN,230.0,120.0,50.0,238.237.223.228,12132,224.0.2.0,10000,0,24,0,24,0,24,0,24,0,24,0,24,0,24,0,24,0,24,0,24,der,wind,Vestas,0,0,0,0,0,0,0,23.906769084296613,35.37720059287342,37.3701367289589,39.854946214500195,5,5,5,5,1,1,0,0
H210,WD210,437.85609533832263,0.891199486168238,True,CN,230.0,-120.0,50.0,235.246.228.161,11854,224.0.2.0,10000,0,24,0,24,0,24,0,24,0,24,0,24,0,24,0,24,0,24,0,24,der,wind,Vestas,0,0,0,0,0,0,0,37.60120645830421,39.50149516341295,28.604195867067556,43.98070266722012,5,5,5,5,1,1,0,0
H211,WD211,584.5570834553705,0.883531098249288,True,AN,230.0,0.0,50.0,225.200.13.116,12842,224.0.2.0,10000,0,24,0,24,0,24,0,24,0,24,0,24,0,24,0,24,0,24,0,24,der,wind,Vestas,0,0,0,0,0,0,0,28.94775703396126,56.34782094211627,21.483119303758908,44.841123901741405,5,5,5,5,1,1,0,0
H212,WD212,738.6144471751802,0.8779294125630279,True,BN,230.0,120.0,50.0,237.242.167.24,12121,224.0.2.0,10000,0,24,0,24,0,24,0,24,0,24,0,24,0,24,0,24,0,24,0,24,der,wind,Vestas,0,0,0,0,0,0,0,58.40231383501809,52.68029380997796,15.383897618098315,27.74493988859484,5,5,5,5,1,1,0,0
H213,WD213,545.4113008126512,0.8951424542793134,True,CN,230.0,-120.0,50.0,238.173.184.189,12331,224.0.2.0,10000,0,24,0,24,0,24,0,24,0,24,0,24,0,24,0,24,0,24,0,24,der,wind,Vestas,0,0,0,0,0,0,0,37.844466806673594,29.67836373285148,55.594521322299805,48.282739294648735,5,5,5,5,1,1,0,0
H214,WD214,437.53542929684266,0.8807496206376326,True,AN,230.0,0.0,50.0,230.39.133.86,11803,224.0.2.0,10000,0,24,0,24,0,24,0,24,0,24,0,24,0,24,0,24,0,24,0,24,der,wind,Vestas,0,0,0,0,0,0,0,22.86671303333968,17.242030850586453,42.27059695498736,43.10793108252463,5,5,5,5,1,1,0,0
H215,WD215,451.1428042409372,0.8913409452605922,True,BN,230.0,120.0,50.0,231.142.182.160,11653,224.0.2.0,10000,0,24,0,24,0,24,0,24,0,24,0,24,0,24,0,24,0,24,0,24,der,wind,Vestas,0,0,0,0,0,0,0,21.605644554265233,11.356284883319457,44.91403047310024,32.388288054426795,5,5,5,5,1,1,0,0
H216,WD216,759.0212823127857,0.8978813043196495,True,CN,230.0,-120.0,50.0,224.61.232.205,10266,224.0.2.0,10000,0,24,0,24,0,24,0,24,0,24,0,24,0,24,0,24,0,24,0,24,der,wind,Vestas,0,0,0,0,0,0,0,30.20674608841171,59.541676144754625,46.20833704838716,49.92858538652716,5,5,5,5,1,1,0,0
H217,WD217,426.59727957200295,0.8822674098636977,True,AN,230.0,0.0,50.0,226.227.202.80,11471,224.0.2.0,10000,0,24,0,24,0,24,0,24,0,24,0,24,0,24,0,24,0,24,0,24,der,wind,Vestas,0,0,0,0,0,0,0,46.439354794329454,11.65730986721168,53.94210439932734,10.796462729763793,5,5,5,5,1,1,0,0
H218,WD218,929.3076117388796,0.8901445812092615,True,BN,230.0,120.0,50.0,226.237.191.249,12755,224.0.2.0,10000,0,24,0,24,0,24,0,24,0,24,0,24,0,24,0,24,0,24,0,24,der,wind,Vestas,0,0,0,0,0,0,0,9.635414739537557,47.4220485565711,43.436873791184425,8.852861886656804,5,5,5,5,1,1,0,0
H219,WD219,411.5066969207771,0.8743001898359221,True,CN,230.0,-120.0,50.0,238.180.227.22,10523,224.0.2.0,10000,0,24,0,24,0,24,0,24,0,24,0,24,0,24,0,24,0,24,0,24,der,wind,Vestas,0,0,0,0,0,0,0,14.127470032576497,23.928814967317088,50.30445555441095,45.9760396934398,5,5,5,5,1,1,0,0
H220,WD220,957.1251958271579,0.8904031999771119,True,AN,230.0,0.0,50.0,224.236.52.233,12475,224.0.2.0,10000,0,24,0,24,0,24,0,24,0,24,0,24,0,24,0,24,0,24,0,24,der,wind,Vestas,0,0,0,0,0,0,0,48.72846129684418,35.32879798635883,25.265571053137545,33.78732111283531,5,5,5,5,1,1,0,0
H221,WD221,620.2880874089178,0.8931582935709985,True,BN,230.0,120.0,50.0,230.111.86.218,11448,224.0.2.0,10000,0,24,0,24,0,24,0,24,0,24,0,24,0,24,0,24,0,24,0,24,der,wind,Vestas,0,0,0,0,0,0,0,36.436043749685716,38.53670147401179,17.90775982805104,39.11757580291363,5,5,5,5,1,1,0,0
H222,WD222,403.56241605582795,0.8652987451824069,True,CN,230.0,-120.0,50.0,235.110.213.160,11239,224.0.2.0,10000,0,24,0,24,0,24,0,24,0,24,0,24,0,24,0,24,0,24,0,24,der,wind,Vestas,0,0,0,0,0,0,0,53.50802987838318,31.09256469202867,9.983869327255873,59.96768055087758,5,5,5,5,1,1,0,0
H223,WD223,519.3464498799888,0.8797484530807402,True,AN,230.0,0.0,50.0,230.254.16.66,10273,224.0.2.0,10000,0,24,0,24,0,24,0,24,0,24,0,24,0,24,0,24,0,24,0,24,der,wind,Vestas,0,0,0,0,0,0,0,47.54225801208259,37.359999137401736,8.322336032037333,53.76748478915287,5,5,5,5,1,1,0,0
H224,WD224,459.1824785371816,0.8657303298570153,True,BN,230.0,120.0,50.0,229.123.176.179,11704,224.0.2.0,10000,0,24,0,24,0,24,0,24,0,24,0,24,0,24,0,24,0,24,0,24,der,wind,Vestas,0,0,0,0,0,0,0,53.339244037204296,12.84207947340213,33.81687723023127,53.24442988695441,5,5,5,5,1,1,0,0
H225,WD225,733.3623999920949,0.896911785181329,True,CN,230.0,-120.0,50.0,231.215.115.132,11851,224.0.2.0,10000,0,24,0,24,0,24,0,24,0,24,0,24,0,24,0,24,0,24,0,24,der,wind,Vestas,0,0,0,0,0,0,0,25.597051777119482,52.71884967856145,51.404049190959086,12.029907051779746,5,5,5,5,1,1,0,0
H226,WD226,892.1415205915885,0.8877470596277787,True,AN,230.0,0.0,50.0,232.131.193.137,12919,224.0.2.0,10000,0,24,0,24,0,24,0,24,0,24,0,24,0,24,0,24,0,24,0,24,der,wind,Vestas,0,0,0,0,0,0,0,26.562632746978,36.58504201882352,41.36972926577086,23.79571598786744,5,5,5,5,1,1,0,0
H227,WD227,855.2866453250297,0.8975915163168271,True,BN,230.0,120.0,50.0,228.252.136.143,12561,224.0.2.0,10000,0,24,0,24,0,24,0,24,0,24,0,24,0,24,0,24,0,24,0,24,der,wind,Vestas,0,0,0,0,0,0,0,2.6053660508560794,4.349103172560833,49.183123222471814,21.851037856977463,5,5,5,5,1,1,0,0
H228,WD228,653.2036192054676,0.8888864846165694,True,CN,230.0,-120.0,50.0,231.22.47.161,11696,224.0.2.0,10000,0,24,0,24,0,24,0,24,0,24,0,24,0,24,0,24,0,24,0,24,der,wind,Vestas,0,0,0,0,0,0,0,47.799397890140604,46.16178212765311,47.80594369271345,23.369617505119056,5,5,5,5,1,1,0,0
H229,WD229,424.7957228909171,0.8778092492782447,True,AN,230.0,0.0,50.0,236.249.214.2,12194,224.0.2.0,10000,0,24,0,24,0,24,0,24,0,24,0,24,0,24,0,24,0,24,0,24,der,wind,Vestas,0,0,0,0,0,0,0,20.85733484946389,43.667978819582295,36.851149915299104,32.10640940929421,5,5,5,5,1,1,0,0
H230,WD230,507.3059899921831,0.8728139889015227,True,BN,230.0,120.0,50.0,225.165.74.121,10529,224.0.2.0,10000,0,24,0,24,0,24,0,24,0,24,0,24,0,24,0,24,0,24,0,24,der,wind,Vestas,0,0,0,0,0,0,0,1.7862029602317708,38.67621510261345,54.828206443350176,33.35387917788525,5,5,5,5,1,1,0,0
H231,WD231,859.5855729936599,0.8876086359076766,True,CN,230.0,-120.0,50.0,225.44.168.205,12768,224.0.2.0,10000,0,24,0,24,0,24,0,24,0,24,0,24,0,24,0,24,0,24,0,24,der,wind,Vestas,0,0,0,0,0,0,0,13.67146472654306,23.091022204436648,53.64528205208405,16.68484366739432,5,5,5,5,1,1,0,0
H232,WD232,763.6652282340874,0.8761879804558558,True,AN,230.0,0.0,50.0,228.125.195.41,11715,224.0.2.0,10000,0,24,0,24,0,24,0,24,0,24,0,24,0,24,0,24,0,24,0,24,der,wind,Vestas,0,0,0,0,0,0,0,35.74591822400551,43.858239970621966,28.19911174756922,52.41271190299928,5,5,5,5,1,1,0,0
H233,WD233,577.2202475290069,0.8797182544480989,True,BN,230.0,120.0,50.0,229.98.107.150,11045,224.0.2.0,10000,0,24,0,24,0,24,0,24,0,24,0,24,0,24,0,24,0,24,0,24,der,wind,Vestas,0,0,0,0,0,0,0,58.19870803359015,47.89368767243037,43.03646910983375,31.125114855972484,5,5,5,5,1,1,0,0
H234,WD234,624.3996900463517,0.8881765314868973,True,CN,230.0,-120.0,50.0,232.130.102.91,10056,224.0.2.0,10000,0,24,0,24,0,24,0,24,0,24,0,24,0,24,0,24,0,24,0,24,der,wind,Vestas,0,0,0,0,0,0,0,16.018841617748166,48.9655514833814,42.85786631743414,48.66784151800697,5,5,5,5,1,1,0,0
H235,WD235,932.3670061856078,0.8897975506033847,True,AN,230.0,0.0,50.0,234.126.232.202,12500,224.0.2.0,10000,0,24,0,24,0,24,0,24,0,24,0,24,0,24,0,24,0,24,0,24,der,wind,Vestas,0,0,0,0,0,0,0,30.896913591011717,22.459604585826202,40.94484380103636,49.058197335830606,5,5,5,5,1,1,0,0
H236,WD236,654.196620202113,0.8934042408642663,True,BN,230.0,120.0,50.0,227.212.180.18,10947,224.0.2.0,10000,0,24,0,24,0,24,0,24,0,24,0,24,0,24,0,24,0,24,0,24,der,wind,Vestas,0,0,0,0,0,0,0,0.5914029062800075,23.070145256862784,48.46742242789304,27.469888897556874,5,5,5,5,1,1,0,0
H237,WD237,926.0630958132067,0.8994852065676953,True,CN,230.0,-120.0,50.0,234.10.186.171,10940,224.0.2.0,10000,0,24,0,24,0,24,0,24,0,24,0,24,0,24,0,24,0,24,0,24,der,wind,Vestas,0,0,0,0,0,0,0,14.239602000270498,21.080744074757664,54.71257855954484,16.21168749905775,5,5,5,5,1,1,0,0
H238,WD238,794.4270966988954,0.8578534280638713,True,AN,230.0,0.0,50.0,230.134.239.194,10215,224.0.2.0,10000,0,24,0,24,0,24,0,24,0,24,0,24,0,24,0,24,0,24,0,24,der,wind,Vestas,0,0,0,0,0,0,0,59.962371918334824,17.934680420951786,23.92752141506078,26.140031487902508,5,5,5,5,1,1,0,0
H239,WD239,408.85768879864094,0.8845076236911853,True,BN,230.0,120.0,50.0,230.135.82.148,12605,224.0.2.0,10000,0,24,0,24,0,24,0,24,0,24,0,24,0,24,0,24,0,24,0,24,der,wind,Vestas,0,0,0,0,0,0,0,34.625780412751354,35.00724532569804,56.79429611511286,35.28643076014239,5,5,5,5,1,1,0,0
H240,WD240,934.4197951986175,0.8928604366504536,True,CN,230.0,-120.0,50.0,227.129.232.59,11831,224.0.2.0,10000,0,24,0,24,0,24,0,24,0,24,0,24,0,24,0,24,0,24,0,24,der,wind,Vestas,0,0,0,0,0,0,0,11.51080299565141,36.85926554794926,26.10372025101159,20.580196505923205,5,5,5,5,1,1,0,0
H241,WD241,840.7398386021345,0.8912449759550458,True,AN,230.0,0.0,50.0,235.30.180.233,12232,224.0.2.0,10000,0,24,0,24,0,24,0,24,0,24,0,24,0,24,0,24,0,24,0,24,der,wind,Vestas,0,0,0,0,0,0,0,54.127938512793094,13.271507485756207,23.787934995909822,22.04720598811516,5,5,5,5,1,1,0,0
H242,WD242,881.9690128725524,0.8801478899673999,True,BN,230.0,120.0,50.0,225.71.6.135,11798,224.0.2.0,10000,0,24,0,24,0,24,0,24,0,24,0,24,0,24,0,24,0,24,0,24,der,wind,Vestas,0,0,0,0,0,0,0,34.93528487416933,14.53864332915598,47.958813278448275,8.123711143955026,5,5,5,5,1,1,0,0
H243,WD243,866.9442644509714,0.890060930928599,True,CN,230.0,-120.0,50.0,236.140.180.28,10116,224.0.2.0,10000,0,24,0,24,0,24,0,24,0,24,0,24,0,24,0,24,0,24,0,24,der,wind,Vestas,0,0,0,0,0,0,0,17.749964439699145,27.26297435370879,37.35120156276892,48.98737047585679,5,5,5,5,1,1,0,0
H244,WD244,927.4762742204882,0.8821228224004202,True,AN,230.0,0.0,50.0,229.18.150.119,12535,224.0.2.0,10000,0,24,0,24,0,24,0,24,0,24,0,24,0,24,0,24,0,24,0,24,der,wind,Vestas,0,0,0,0,0,0,0,38.491553314714935,26.42507632399738,20.315336104928626,27.712736717562404,5,5,5,5,1,1,0,0
H245,WD245,598.0424121160547,0.858251937769015,True,BN,230.0,120.0,50.0,238.211.107.161,12002,224.0.2.0,10000,0,24,0,24,0,24,0,24,0,24,0,24,0,24,0,24,0,24,0,24,der,wind,Vestas,0,0,0,0,0,0,0,53.067108194124636,34.441998319596706,25.970841440976024,34.99255261318589,5,5,5,5,1,1,0,0
H246,WD246,439.5022344108269,0.8816311469698997,True,CN,230.0,-120.0,50.0,238.77.82.33,11631,224.0.2.0,10000,0,24,0,24,0,24,0,24,0,24,0,24,0,24,0,24,0,24,0,24,der,wind,Vestas,0,0,0,0,0,0,0,34.97327277382543,11.102081789497687,8.493941320225154,33.39811116519713,5,5,5,5,1,1,0,0
H247,WD247,507.4361722573145,0.8560789674524175,True,AN,230.0,0.0,50.0,234.36.214.72,11473,224.0.2.0,10000,0,24,0,24,0,24,0,24,0,24,0,24,0,24,0,24,0,24,0,24,der,wind,Vestas,0,0,0,0,0,0,0,34.18455291440604,49.88470597564922,31.67823929666385,4.88115907565169,5,5,5,5,1,1,0,0
H248,WD248,714.3794751698164,0.8754817492809055,True,BN,230.0,120.0,50.0,226.111.83.45,10214,224.0.2.0,10000,0,24,0,24,0,24,0,24,0,24,0,24,0,24,0,24,0,24,0,24,der,wind,Vestas,0,0,0,0,0,0,0,15.105716446355617,15.744596937332041,24.06263009855503,9.029385221944494,5,5,5,5,1,1,0,0
H249,WD249,671.7213676310045,0.8774784901986827,True,CN,230.0,-120.0,50.0,237.191.93.220,11529,224.0.2.0,10000,0,24,0,24,0,24,0,24,0,24,0,24,0,24,0,24,0,24,0,24,der,wind,Vestas,0,0,0,0,0,0,0,27.732645853872526,16.720217883366114,41.90288399440672,22.495183265615314,5,5,5,5,1,1,0,0
H250,WD250,828.4278944913045,0.8752893121097025,True,AN,230.0,0.0,50.0,236.87.180.253,10167,224.0.2.0,10000,0,24,0,24,0,24,0,24,0,24,0,24,0,24,0,24,0,24,0,24,der,wind,Vestas,0,0,0,0,0,0,0,4.352066631970222,33.814891336111714,48.311191816527334,41.724967814971954,5,5,5,5,1,1,0,0
H251,WD251,747.739853630334,0.8530041005880877,True,BN,230.0,120.0,50.0,237.142.77.5,10502,224.0.2.0,10000,0,24,0,24,0,24,0,24,0,24,0,24,0,24,0,24,0,24,0,24,der,wind,Vestas,0,0,0,0,0,0,0,21.7620343235513,10.046510049071092,54.86533661266145,36.71325945989254,5,5,5,5,1,1,0,0
H252,WD252,425.00245503150796,0.888087829837072,True,CN,230.0,-120.0,50.0,228.235.129.39,11057,224.0.2.0,10000,0,24,0,24,0,24,0,24,0,24,0,24,0,24,0,24,0,24,0,24,der,wind,Vestas,0,0,0,0,0,0,0,24.679111024867325,52.92483184478012,26.427515398566975,9.8432911656449,5,5,5,5,1,1,0,0
H253,WD253,569.3258006237985,0.8797625095595146,True,AN,230.0,0.0,50.0,231.241.86.247,11933,224.0.2.0,10000,0,24,0,24,0,24,0,24,0,24,0,24,0,24,0,24,0,24,0,24,der,wind,Vestas,0,0,0,0,0,0,0,2.7124173708092947,40.291306348368195,30.270956090871767,24.75028565535537,5,5,5,5,1,1,0,0
H254,WD254,972.6034110055244,0.8936608897193358,True,BN,230.0,120.0,50.0,233.233.86.221,11906,224.0.2.0,10000,0,24,0,24,0,24,0,24,0,24,0,24,0,24,0,24,0,24,0,24,der,wind,Vestas,0,0,0,0,0,0,0,18.492518285553665,4.259382978999237,24.466672664495043,17.08177121541687,5,5,5,5,1,1,0,0
H255,WD255,492.27408822874304,0.8918479944152972,True,CN,230.0,-120.0,50.0,232.159.57.229,11339,224.0.2.0,10000,0,24,0,24,0,24,0,24,0,24,0,24,0,24,0,24,0,24,0,24,der,wind,Vestas,0,0,0,0,0,0,0,42.92611560126919,45.988782835523395,48.98770643561391,36.03609887005442,5,5,5,5,1,1,0,0
H256,WD256,716.4017963001302,0.8842285851569327,True,AN,230.0,0.0,50.0,230.232.252.96,11682,224.0.2.0,10000,0,24,0,24,0,24,0,24,0,24,0,24,0,24,0,24,0,24,0,24,der,wind,Vestas,0,0,0,0,0,0,0,52.8644142565113,4.4156067345719325,56.62345232928819,16.208166838395975,5,5,5,5,1,1,0,0
H257,WD257,906.5376718159329,0.8959499183716555,True,BN,230.0,120.0,50.0,238.44.232.142,10448,224.0.2.0,10000,0,24,0,24,0,24,0,24,0,24,0,24,0,24,0,24,0,24,0,24,der,wind,Vestas,0,0,0,0,0,0,0,14.114670509932967,16.784403516283746,33.5903013723684,52.27097508864024,5,5,5,5,1,1,0,0
H258,WD258,650.2546885185673,0.864660424320754,True,CN,230.0,-120.0,50.0,232.225.86.230,10156,224.0.2.0,10000,0,24,0,24,0,24,0,24,0,24,0,24,0,24,0,24,0,24,0,24,der,wind,Vestas,0,0,0,0,0,0,0,53.911049504935406,57.067693832443034,7.9300538432843535,31.449689580796928,5,5,5,5,1,1,0,0
H259,WD259,884.8064690304423,0.8988782830464086,True,AN,230.0,0.0,50.0,224.114.148.31,11832,224.0.2.0,10000,0,24,0,24,0,24,0,24,0,24,0,24,0,24,0,24,0,24,0,24,der,wind,Vestas,0,0,0,0,0,0,0,32.467171341657796,24.20986344557195,13.272531565794933,5.180725016069832,5,5,5,5,1,1,0,0
H260,WD260,406.6751382188123,0.8813222204305149,True,BN,230.0,120.0,50.0,227.199.176.56,12015,224.0.2.0,10000,0,24,0,24,0,24,0,24,0,24,0,24,0,24,0,24,0,24,0,24,der,wind,Vestas,0,0,0,0,0,0,0,34.473877104220485,36.39217098676764,40.975706492791154,31.9077252939915,5,5,5,5,1,1,0,0
H261,WD261,712.8242048024923,0.8938967798918831,True,CN,230.0,-120.0,50.0,234.148.7.116,11640,224.0.2.0,10000,0,24,0,24,0,24,0,24,0,24,0,24,0,24,0,24,0,24,0,24,der,wind,Vestas,0,0,0,0,0,0,0,25.98060037145715,57.93595205337002,37.75492154249009,3.764274976530924,5,5,5,5,1,1,0,0
H262,WD262,786.2720723002864,0.881644537424598,True,AN,230.0,0.0,50.0,233.6.51.69,11983,224.0.2.0,10000,0,24,0,24,0,24,0,24,0,24,0,24,0,24,0,24,0,24,0,24,der,wind,Vestas,0,0,0,0,0,0,0,45.127289824500245,28.190724498322997,40.197049938750645,41.822381820221125,5,5,5,5,1,1,0,0
H263,WD263,992.0189575870965,0.8922449163605023,True,BN,230.0,120.0,50.0,229.253.90.203,11124,224.0.2.0,10000,0,24,0,24,0,24,0,24,0,24,0,24,0,24,0,24,0,24,0,24,der,wind,Vestas,0,0,0,0,0,0,0,37.203145417697456,58.76346736955728,15.118814708657718,21.234010937852318,5,5,5,5,1,1,0,0
H264,WD264,640.4481559329024,0.8951341292601718,True,CN,230.0,-120.0,50.0,228.222.26.125,12680,224.0.2.0,10000,0,24,0,24,0,24,0,24,0,24,0,24,0,24,0,24,0,24,0,24,der,wind,Vestas,0,0,0,0,0,0,0,59.699490758341376,35.05093216208718,59.700100410928044,13.052145081129769,5,5,5,5,1,1,0,0
H265,WD265,600.9302439998746,0.8973546479186374,True,AN,230.0,0.0,50.0,225.119.213.102,12276,224.0.2.0,10000,0,24,0,24,0,24,0,24,0,24,0,24,0,24,0,24,0,24,0,24,der,wind,Vestas,0,0,0,0,0,0,0,46.10057464647378,36.7473191017814,45.30102322530401,31.020712607672767,5,5,5,5,1,1,0,0
H266,WD266,414.02805478163793,0.8798773829111672,True,BN,230.0,120.0,50.0,230.158.173.185,10725,224.0.2.0,10000,0,24,0,24,0,24,0,24,0,24,0,24,0,24,0,24,0,24,0,24,der,wind,Vestas,0,0,0,0,0,0,0,51.69352796248346,12.19725936060841,20.902054252457447,18.83714346617046,5,5,5,5,1,1,0,0
H267,WD267,501.0873428649045,0.8800034083492446,True,CN,230.0,-120.0,50.0,237.62.23.5,10043,224.0.2.0,10000,0,24,0,24,0,24,0,24,0,24,0,24,0,24,0,24,0,24,0,24,der,wind,Vestas,0,0,0,0,0,0,0,19.922961908486787,13.020069427592867,5.974102856346853,34.80982835332733,5,5,5,5,1,1,0,0
H268,WD268,606.2719444158549,0.8915648461866351,True,AN,230.0,0.0,50.0,227.190.28.228,10597,224.0.2.0,10000,0,24,0,24,0,24,0,24,0,24,0,24,0,24,0,24,0,24,0,24,der,wind,Vestas,0,0,0,0,0,0,0,18.361634424251317,48.888418989345986,4.755411081749688,41.65038673870641,5,5,5,5,1,1,0,0
H269,WD269,961.2542064039801,0.8776589951585342,True,BN,230.0,120.0,50.0,226.50.250.162,12683,224.0.2.0,10000,0,24,0,24,0,24,0,24,0,24,0,24,0,24,0,24,0,24,0,24,der,wind,Vestas,0,0,0,0,0,0,0,56.268458786572545,51.591862240255544,45.04440819674206,19.735910721161957,5,5,5,5,1,1,0,0
H270,WD270,625.4509572245756,0.8930732427704087,True,CN,230.0,-120.0,50.0,237.218.252.124,10583,224.0.2.0,10000,0,24,0,24,0,24,0,24,0,24,0,24,0,24,0,24,0,24,0,24,der,wind,Vestas,0,0,0,0,0,0,0,58.71338217510198,10.682004708026092,48.012447164878424,56.9302403342342,5,5,5,5,1,1,0,0
H271,WD271,824.7207032333163,0.8880409661659716,True,AN,230.0,0.0,50.0,234.2.158.216,11884,224.0.2.0,10000,0,24,0,24,0,24,0,24,0,24,0,24,0,24,0,24,0,24,0,24,der,wind,Vestas,0,0,0,0,0,0,0,44.70579406028674,35.00414624368107,43.19314538713107,14.686873019436112,5,5,5,5,1,1,0,0
H272,WD272,608.1468098878327,0.8839271434197413,True,BN,230.0,120.0,50.0,235.33.199.254,10452,224.0.2.0,10000,0,24,0,24,0,24,0,24,0,24,0,24,0,24,0,24,0,24,0,24,der,wind,Vestas,0,0,0,0,0,0,0,40.02199650836974,46.712266159784114,13.836821852643398,5.60753445453365,5,5,5,5,1,1,0,0
H273,WD273,576.5963059362514,0.8831453629851942,True,CN,230.0,-120.0,50.0,238.215.94.38,12438,224.0.2.0,10000,0,24,0,24,0,24,0,24,0,24,0,24,0,24,0,24,0,24,0,24,der,wind,Vestas,0,0,0,0,0,0,0,37.63756876300791,35.754226261794706,12.442408268219816,46.72401698441655,5,5,5,5,1,1,0,0
H274,WD274,909.1943842406779,0.8883875732237398,True,AN,230.0,0.0,50.0,229.88.135.253,11288,224.0.2.0,10000,0,24,0,24,0,24,0,24,0,24,0,24,0,24,0,24,0,24,0,24,der,wind,Vestas,0,0,0,0,0,0,0,52.02025369282106,15.70441740686733,26.92404923662628,56.50970504078982,5,5,5,5,1,1,0,0
H275,WD275,882.8094527906984,0.8769306838008508,True,BN,230.0,120.0,50.0,229.70.85.245,12927,224.0.2.0,10000,0,24,0,24,0,24,0,24,0,24,0,24,0,24,0,24,0,24,0,24,der,wind,Vestas,0,0,0,0,0,0,0,35.660476626055285,36.53635143818288,26.126710618457967,39.63602645746587,5,5,5,5,1,1,0,0
H276,WD276,756.1164215147066,0.8981072208785766,True,CN,230.0,-120.0,50.0,230.221.116.115,10126,224.0.2.0,10000,0,24,0,24,0,24,0,24,0,24,0,24,0,24,0,24,0,24,0,24,der,wind,Vestas,0,0,0,0,0,0,0,11.65182013929879,5.843982962765401,37.180289226974075,16.30575422080453,5,5,5,5,1,1,0,0
H277,WD277,732.1659584639045,0.8577299167107485,True,AN,230.0,0.0,50.0,232.154.131.152,10980,224.0.2.0,10000,0,24,0,24,0,24,0,24,0,24,0,24,0,24,0,24,0,24,0,24,der,wind,Vestas,0,0,0,0,0,0,0,40.17829682082529,58.19259437582578,46.05638928294409,20.09108446892075,5,5,5,5,1,1,0,0
H278,WD278,804.7841685266832,0.8792944867309918,True,BN,230.0,120.0,50.0,234.103.205.211,11876,224.0.2.0,10000,0,24,0,24,0,24,0,24,0,24,0,24,0,24,0,24,0,24,0,24,der,wind,Vestas,0,0,0,0,0,0,0,17.491243085198217,36.382129009713324,4.224661145832675,23.516542124746024,5,5,5,5,1,1,0,0
H279,WD279,401.1944019261214,0.8662777573585243,True,CN,230.0,-120.0,50.0,237.149.87.162,10228,224.0.2.0,10000,0,24,0,24,0,24,0,24,0,24,0,24,0,24,0,24,0,24,0,24,der,wind,Vestas,0,0,0,0,0,0,0,48.314102662506805,3.6707505157413958,17.75337996870815,7.114834858445805,5,5,5,5,1,1,0,0
H280,WD280,721.8078656413604,0.8798083336978867,True,AN,230.0,0.0,50.0,238.153.138.162,12690,224.0.2.0,10000,0,24,0,24,0,24,0,24,0,24,0,24,0,24,0,24,0,24,0,24,der,wind,Vestas,0,0,0,0,0,0,0,43.74256412404973,10.26097550317706,4.334167295008143,18.214219906584702,5,5,5,5,1,1,0,0
H281,WD281,434.67696404728713,0.8973062211551134,True,BN,230.0,120.0,50.0,225.20.119.89,11464,224.0.2.0,10000,0,24,0,24,0,24,0,24,0,24,0,24,0,24,0,24,0,24,0,24,der,wind,Vestas,0,0,0,0,0,0,0,24.310267180913474,28.408191502596182,53.09133484008853,58.37670191755996,5,5,5,5,1,1,0,0
H282,WD282,454.8071247060221,0.8743213952082236,True,CN,230.0,-120.0,50.0,235.252.206.206,10130,224.0.2.0,10000,0,24,0,24,0,24,0,24,0,24,0,24,0,24,0,24,0,24,0,24,der,wind,Vestas,0,0,0,0,0,0,0,36.60668221889097,23.106247461303138,23.199403500014647,10.069282691059492,5,5,5,5,1,1,0,0
H283,WD283,587.0662723523817,0.8956654198790928,True,AN,230.0,0.0,50.0,236.60.53.181,12505,224.0.2.0,10000,0,24,0,24,0,24,0,24,0,24,0,24,0,24,0,24,0,24,0,24,der,wind,Vestas,0,0,0,0,0,0,0,42.96370612263062,25.843105260298476,20.641404688291342,59.96077386240743,5,5,5,5,1,1,0,0
H284,WD284,793.5066566515794,0.8717938326426907,True,BN,230.0,120.0,50.0,231.120.60.159,12370,224.0.2.0,10000,0,24,0,24,0,24,0,24,0,24,0,24,0,24,0,24,0,24,0,24,der,wind,Vestas,0,0,0,0,0,0,0,7.521185928560459,41.92522748455909,34.17753402376877,54.145465609392055,5,5,5,5,1,1,0,0
H285,WD285,620.4562295648325,0.8887604656920598,True,CN,230.0,-120.0,50.0,229.96.241.25,11706,224.0.2.0,10000,0,24,0,24,0,24,0,24,0,24,0,24,0,24,0,24,0,24,0,24,der,wind,Vestas,0,0,0,0,0,0,0,8.939878154954108,29.15823866137982,29.858439763135834,10.377270035217254,5,5,5,5,1,1,0,0
H286,WD286,633.9544098850528,0.8904036180113142,True,AN,230.0,0.0,50.0,232.31.176.134,11289,224.0.2.0,10000,0,24,0,24,0,24,0,24,0,24,0,24,0,24,0,24,0,24,0,24,der,wind,Vestas,0,0,0,0,0,0,0,13.174971826487258,15.81322128388073,15.882127007349585,16.267657461727225,5,5,5,5,1,1,0,0
H287,WD287,724.6196556759802,0.8771380322038943,True,BN,230.0,120.0,50.0,229.123.39.129,10145,224.0.2.0,10000,0,24,0,24,0,24,0,24,0,24,0,24,0,24,0,24,0,24,0,24,der,wind,Vestas,0,0,0,0,0,0,0,23.826958551004417,10.035243164533451,22.673031453783167,14.505093427475156,5,5,5,5,1,1,0,0
H288,WD288,703.405867441935,0.8941853211587855,True,CN,230.0,-120.0,50.0,233.199.220.132,11499,224.0.2.0,10000,0,24,0,24,0,24,0,24,0,24,0,24,0,24,0,24,0,24,0,24,der,wind,Vestas,0,0,0,0,0,0,0,31.750675424728794,38.46426505975842,59.922885989758136,23.717894660763154,5,5,5,5,1,1,0,0
H289,WD289,459.0129059635047,0.8927162479455191,True,AN,230.0,0.0,50.0,226.181.185.170,10251,224.0.2.0,10000,0,24,0,24,0,24,0,24,0,24,0,24,0,24,0,24,0,24,0,24,der,wind,Vestas,0,0,0,0,0,0,0,18.243693994650055,39.49578642033504,19.08845165261732,43.32243615595047,5,5,5,5,1,1,0,0
H290,WD290,871.1841478637361,0.8896290338881071,True,BN,230.0,120.0,50.0,224.4.187.126,11177,224.0.2.0,10000,0,24,0,24,0,24,0,24,0,24,0,24,0,24,0,24,0,24,0,24,der,wind,Vestas,0,0,0,0,0,0,0,48.22643079370268,31.48310491984081,15.841812873606605,54.20839540817472,5,5,5,5,1,1,0,0
H291,WD291,773.0835161487715,0.888324663385937,True,CN,230.0,-120.0,50.0,225.2.94.116,12824,224.0.2.0,10000,0,24,0,24,0,24,0,24,0,24,0,24,0,24,0,24,0,24,0,24,der,wind,Vestas,0,0,0,0,0,0,0,44.625201084699725,58.55094665799702,45.0958144990577,50.43637805671718,5,5,5,5,1,1,0,0
H292,WD292,588.8192171844428,0.8813962066569994,True,AN,230.0,0.0,50.0,231.46.123.188,12388,224.0.2.0,10000,0,24,0,24,0,24,0,24,0,24,0,24,0,24,0,24,0,24,0,24,der,wind,Vestas,0,0,0,0,0,0,0,31.994661383602857,21.008422436777856,3.8086661973759175,24.978519482504165,5,5,5,5,1,1,0,0
H293,WD293,698.5604634821,0.868508211408387,True,BN,230.0,120.0,50.0,231.236.222.154,10175,224.0.2.0,10000,0,24,0,24,0,24,0,24,0,24,0,24,0,24,0,24,0,24,0,24,der,wind,Vestas,0,0,0,0,0,0,0,6.958092042315176,52.556781863774624,37.22066830754179,32.27737735590775,5,5,5,5,1,1,0,0
H294,WD294,470.21821922815326,0.8738574527232256,True,CN,230.0,-120.0,50.0,230.149.150.241,12562,224.0.2.0,10000,0,24,0,24,0,24,0,24,0,24,0,24,0,24,0,24,0,24,0,24,der,wind,Vestas,0,0,0,0,0,0,0,16.378224854182456,13.922305453913156,11.101748802914207,27.21161797720775,5,5,5,5,1,1,0,0
H295,WD295,481.87955052325634,0.8989527331237025,True,AN,230.0,0.0,50.0,225.114.218.44,11098,224.0.2.0,10000,0,24,0,24,0,24,0,24,0,24,0,24,0,24,0,24,0,24,0,24,der,wind,Vestas,0,0,0,0,0,0,0,30.74289030888355,34.230291371617284,20.93036712839714,34.15998532532208,5,5,5,5,1,1,0,0
H296,WD296,743.2111355506656,0.8920581290679402,True,BN,230.0,120.0,50.0,232.98.73.206,12281,224.0.2.0,10000,0,24,0,24,0,24,0,24,0,24,0,24,0,24,0,24,0,24,0,24,der,wind,Vestas,0,0,0,0,0,0,0,51.333007492853085,19.927586447235853,29.00526491441865,29.086629389188705,5,5,5,5,1,1,0,0
H297,WD297,445.98679694659876,0.8723942349390866,True,CN,230.0,-120.0,50.0,231.218.86.236,11231,224.0.2.0,10000,0,24,0,24,0,24,0,24,0,24,0,24,0,24,0,24,0,24,0,24,der,wind,Vestas,0,0,0,0,0,0,0,3.1909878100909794,35.58781229271539,19.856877058920222,24.89314028059931,5,5,5,5,1,1,0,0
H298,WD298,473.53814371397317,0.8643011691108792,True,AN,230.0,0.0,50.0,237.110.53.143,10986,224.0.2.0,10000,0,24,0,24,0,24,0,24,0,24,0,24,0,24,0,24,0,24,0,24,der,wind,Vestas,0,0,0,0,0,0,0,18.92588061303308,28.982148087674098,37.35756551186342,50.61526776260473,5,5,5,5,1,1,0,0
H299,WD299,968.5434704121296,0.8657135111326657,True,BN,230.0,120.0,50.0,234.181.230.187,12719,224.0.2.0,10000,0,24,0,24,0,24,0,24,0,24,0,24,0,24,0,24,0,24,0,24,der,wind,Vestas,0,0,0,0,0,0,0,6.972230728775656,56.199747951585614,55.51147301586073,43.83799466391963,5,5,5,5,1,1,0,0
H300,WD300,612.2000318449519,0.8783453271499336,True,CN,230.0,-120.0,50.0,227.225.132.228,11691,224.0.2.0,10000,0,24,0,24,0,24,0,24,0,24,0,24,0,24,0,24,0,24,0,24,der,wind,Vestas,0,0,0,0,0,0,0,59.86847274695521,31.604827901003116,24.47015435844679,34.17796399354509,5,5,5,5,1,1,0,0
